cn,Aou,Species,TimeAdj.meanlog,Dist2,Pair2,edr,availability,C_t,C_t_avail,C_d,C_d_edr,C_p,PIF_adj_birds_km2,PIF_adj_napops_birds_km2,PIF_napops_compare
Abert's Towhee,5920,NA,0.926068294,125,2,NA,NA,2.5245637966457433,NA,0.407436998462562,NA,2,2.0572013914651825,2.0572013914651825,1
Acadian Flycatcher,4650,ACFL,0.219216886,125,2,42.77819502676265,0.6540419928041001,1.245101292444067,1.5289538148959831,0.407436998462562,3.4788489925105885,2,1.0146006667505345,10.637998877092224,10.48491216860973
Acorn Woodpecker,4070,ACWO,0.261513967,200,1.75,114.21030708171595,0.44828899444228965,1.298895083112849,2.230703881642436,0.15915507752443822,0.48805626421158194,1.75,0.3617700583856399,1.905240755314194,5.2664412412020125
Alder Flycatcher,4661,ALFL,0.279321986,125,2,101.3072364951446,0.6076639517198699,1.3222330158554947,1.6456464089563028,0.407436998462562,0.6202968168692574,2,1.0774533024965278,2.0415784583358376,1.8948185073129113
Allen's Hummingbird,4340,ALHU,0.291735312,50,1.25,31.920461218635108,0.36385722640080564,1.3387486200442253,2.7483307392071787,2.5464812403910115,6.248016591263665,1.25,4.261372808177468,21.464520071057983,5.036996535451699
Altamira Oriole,5031,NA,0.134838091,125,1.75,NA,NA,1.144351488546031,NA,0.407436998462562,NA,1.75,0.8159394874388797,0.8159394874388797,1
American Crow,4880,AMCR,0.509424135,400,1.75,182.39456724196592,0.5320132154762535,1.664332488101261,1.8796525554441519,0.039788769381109555,0.19136243696460326,1.75,0.11588804769946136,0.6294660638989397,5.431673726451648
American Dipper,7010,AMDI,0.120627704,125,1.75,52.340133040570365,0.30391387006482085,1.128204808033403,3.2904059291098267,0.407436998462562,2.323864734257839,1.75,0.8044266661132812,13.381302025089644,16.63458285109268
American Goldfinch,5290,AMGO,0.311311237,125,1.25,79.72972928415524,0.28401946108358045,1.365214060198376,3.520885492088596,0.407436998462562,1.0014745352083398,1.25,0.6952983986826422,4.407596452139018,6.339143683474517
American Kestrel,3600,AMKE,0.290453514,200,1.25,135.30033317083792,0.262999884061174,1.3370337140568822,3.8022830449894762,0.15915507752443822,0.3477625067970479,1.25,0.2659946305168883,1.652864354096816,6.213901201257045
American Pipit,6970,AMPI,0.331264898,200,2,89.35187410585615,0.45067803503239146,1.392728674488376,2.2188789385489516,0.15915507752443822,0.7973943566986076,2,0.44331968031741115,3.538643087592661,7.982147521759103
American Redstart,6870,AMRE,0.081164913,100,2,66.98753550383428,0.5988246533975898,1.0845497381706732,1.6699379264468086,0.6366203100977529,1.4187062740156902,2,1.3808927812613014,4.738302826933679,3.4313328965379437
American Robin,7610,AMRO,0.816820459,200,2,95.12331746126343,0.5323337905726966,2.263292154841953,1.878520615653907,0.15915507752443822,0.7035687050890106,2,0.7204288767286477,2.6433366340772606,3.6691153276368227
American Three-toed Woodpecker,4010,ATTW,0.231914705,125,1.5,87.00106175895822,0.5132388353967325,1.261012166208401,1.9484106249033204,0.407436998462562,0.8410685316333762,1.5,0.7706745180370864,2.4581202949594574,3.1895699642701403
American Tree Sparrow,5590,ATSP,0.48677923,200,2,100.29968657666859,0.4620319877002963,1.627067362063007,2.1643523102748126,0.15915507752443822,0.6328216634378817,2,0.5179120642932421,2.7392980585074582,5.289118071125809
Anna's Hummingbird,4310,ANHU,0.188295714,50,2,41.23949557489253,0.3352297561520824,1.2071904456878113,2.983028748636305,2.5464812403910115,3.7432928158103445,2,6.148175647046552,22.332700168252003,3.632410889070832
Arctic Warbler,7470,ARWA,0.336241881,125,2,109.92340521745213,0.4598276017700824,1.3996775392720484,2.1747280853749364,0.407436998462562,0.52686596284539855,2,1.1405608308329362,2.291580413255992,2.00916983233808
Arizona Woodpecker,3975,NA,0.27959732,125,1.75,NA,NA,1.322597121683739,NA,0.407436998462562,NA,1.75,0.9430312525095814,0.9430312525095814,1
Ash-throated Flycatcher,4540,ATFL,0.285893654,200,1.5,91.29242175575797,0.6527051939244264,1.330950906420755,1.532085249678257,0.15915507752443822,0.7638551901877378,1.5,0.3177413920389249,1.7554369046652194,5.5247347328615275
Audubon's Oriole,5030,NA,0.134838091,125,2,NA,NA,1.144351488546031,NA,0.407436998462562,NA,2,0.9325022713587195,0.9325022713587195,1
Bachman's Sparrow,5750,BACS,0.353020961,200,2,87.9255686166431,0.5124532469050708,1.4233609781903815,1.9513975295101305,0.15915507752443822,0.8234744306463633,2,0.4530702536583008,3.2138519391561493,7.093495794981039
Baird's Sparrow,5450,BAIS,0.347885573,125,2,82.19157020107913,0.7694794396802329,1.4160702038037745,1.2995798827523746,0.407436998462562,0.9423797277105228,2,1.1539187869001566,2.4493954720925117,2.1226757895782895
Bald Eagle,3520,BAEA,0.531446599,300,1.25,155.156629030088,0.35218851692227526,1.701391760888966,2.8393884296366503,0.07073559001086145,0.2644477150778679,1.25,0.1504361875576244,0.9385872280449346,6.239105386032266
Baltimore Oriole,5070,BAOR,0.141448158,125,1.75,87.22893173978561,0.36560467452174694,1.1519407837986941,2.7351947873973854,0.407436998462562,0.8366799890910982,1.75,0.8213507668757143,4.004844803542928,4.875925079825165
Band-tailed Pigeon,3120,BTPI,0.445606274,200,1.75,108.56669320725304,0.198802369415777,1.5614365673168795,5.030121134565511,0.15915507752443822,0.5401162824128338,1.75,0.4348934763614186,4.754488072753562,10.93253481871579
Bank Swallow,6160,BANS,0.642518351,200,1,126.27933157692652,0.6106053230829935,1.9012629027031978,1.637719099713908,0.15915507752443822,0.3992233558428875,1,0.30259564467406586,0.6538157149157788,2.160691095273436
Barn Owl,3650,NA,1.639980926,200,2,NA,NA,5.155071183469169,NA,0.15915507752443822,NA,2,1.6409115076980663,1.6409115076980663,1
Barn Swallow,6130,BARS,0.288208703,200,1.5,87.11248739430235,0.4241434880485373,1.3340356923232428,2.357692686974753,0.15915507752443822,0.8389182851686127,1.5,0.31847783104811,2.966867258867158,9.31577324896745
Barred Owl,3680,BADO,2.246063781,200,2,117.4802928968079,0.29265213087588116,9.450463434584801,3.417026204480696,0.15915507752443822,0.46126494289584885,2,3.0081784811464254,3.1523087941668146,1.0479128196427563
Bay-breasted Warbler,6600,BBWA,0.153659869,80,2,58.87440121422111,0.569974529992671,1.166094194534118,1.7544643617897426,0.9947192345277392,1.8366545689554512,2,2.319872649148437,6.444689972301281,2.778036102398532
Bell's Sparrow,5739,NA,0.356608677,200,2,NA,NA,1.4284767646526753,NA,0.15915507752443822,NA,2,0.45469866044031043,0.45469866044031043,1
Bell's Vireo,6330,BEVI,0.180378292,125,2,102.68344498262016,0.6993855043705838,1.1976703465471412,1.429826603140647,0.407436998462562,0.6037812588481666,2,0.9759504222895673,1.7266050127577155,1.7691523804120317
Belted Kingfisher,3900,BEKI,0.290382383,200,2,92.3535128462774,0.323318098483097,1.336938612894128,3.0929292380837126,0.15915507752443822,0.7464034723769633,2,0.42556113716115973,4.617146246243837,10.849548614904013
Bendire's Thrasher,7080,NA,0.151208587,200,2,NA,NA,1.16323926936764,NA,0.15915507752443822,NA,2,0.3702708721913553,0.3702708721913553,1
Bewick's Wren,7190,BEWR,0.263952086,200,1.75,73.18269369926132,0.6719174475779409,1.302065807625154,1.4882780669034528,0.15915507752443822,1.188676585294644,1.75,0.36265317297037786,3.0958922584374924,8.53678525153941
Bicknell's Thrush,7571,NA,0.440536327,200,2,NA,NA,1.553540200671163,NA,0.15915507752443822,NA,2,0.4945076221503005,0.4945076221503005,1
Black Phoebe,4580,BLPH,0.490597113,125,1.5,61.17494839887773,0.3676428263723184,1.6332911882445769,2.7200313137275316,0.407436998462562,1.7011134031236559,1.5,0.9981948890305825,6.940622587046924,6.953173837413106
Black Rosy-Finch,5250,NA,0.244353977,125,1.5,NA,NA,1.2767962069987555,NA,0.407436998462562,NA,1.5,0.7803210213419354,0.7803210213419354,1
Black Swift,4220,NA,0.419278592,200,1.25,NA,NA,1.5208639963183481,NA,0.15915507752443822,NA,1.25,0.30256653404771705,0.30256653404771705,1
Black Vulture,3260,BLVU,1.046186196,400,1.5,103.69421571849061,0.31786812960939137,2.8467733528156427,3.1459586754697257,0.039788769381109555,0.5920677796358129,1.5,0.16990441262320446,2.7939311517170755,16.44413531456156
Black-and-white Warbler,6360,BAWW,0.152823762,100,2,58.470282947408684,0.5094617680960157,1.1651196224954352,1.9628558267232625,0.6366203100977529,1.8621304372316347,2,1.4834776307480415,7.310187157677701,4.927736695289129
Black-backed Woodpecker,4000,BBWO,0.427240724,125,1.5,86.194460810781,0.46064195395941243,1.5330216524140352,2.1708834625343547,0.407436998462562,0.8568834901978946,1.5,0.9369146109565372,2.7902912972839924,2.9781703312698493
Black-billed Cuckoo,3880,BBCU,0.283172906,200,2,136.82854755308028,0.29576797622578876,1.3273346461012994,3.3810286453615306,0.15915507752443822,0.34003768904894066,2,0.42250409700225017,2.2993543343540104,5.442206006210076
Black-billed Magpie,4750,BBMA,0.235896152,300,1.75,195.19129799269305,0.6205894707942811,1.266042827324351,1.6113711995791975,0.07073559001086145,0.16709351141109194,1.75,0.1567200011471625,0.4711869258676852,3.006552593278974
Blackburnian Warbler,6620,BLBW,0.191437754,80,2,62.96444226203825,0.5442395257477732,1.2109894515445148,1.8374262667269927,0.9947192345277392,1.6057937687927102,2,2.409189000523053,5.901055299452515,2.44939492010438
Black-capped Chickadee,7350,BCCH,0.378610362,125,2,77.5676594432105,0.42395407102632787,1.4602539544524786,2.3587460726091227,0.407436998462562,1.0580814868893762,2,1.1899229763904091,4.991491103401474,4.194801850572709
Black-capped Vireo,6300,NA,0.252790135,125,2,NA,NA,1.28761302357008,NA,0.407436998462562,NA,2,1.049242371009395,1.049242371009395,1
Black-chinned Hummingbird,4290,BCHU,0.261764193,50,1.5,49.20322344504591,0.33890455963628596,1.2992201411011999,2.9506832279660236,2.5464812403910115,2.6296223278374975,1.5,4.962659574678552,11.638773747952612,2.34526942112617
Black-chinned Sparrow,5650,BCSP,0.48677923,200,1.75,94.02576014315389,0.4577029206582477,1.627067362063007,2.1848232879131406,0.15915507752443822,0.7200900061416868,1.75,0.4531730562565868,2.753221475920779,6.075430650408977
Black-crested Titmouse,7320,BCTI,0.167287607,200,1.25,111.36818868509025,0.6063203526431571,1.1820941949880786,1.649293142875147,0.15915507752443822,0.5132845325020504,1.25,0.23517036655564502,1.058195824749384,4.4996988364135495
Black-headed Grosbeak,5960,BHGR,0.35677819,125,2,79.05272019307448,0.6338596056512023,1.4287189305590366,1.5776364215111005,0.407436998462562,1.0187012820561758,2,1.1642259054272308,3.214280490423751,2.7608735344574047
Blackpoll Warbler,6610,BLPW,0.036936066,80,2,46.238747999655075,0.5221966038840302,1.037626679093332,1.9149875594022068,0.9947192345277392,2.977613722938549,2,2.0642944319065584,11.40418647226522,5.524496068001524
Black-tailed Gnatcatcher,7520,BTGN,0.507418109,80,1.75,46.884609609496366,0.8512854006048965,1.6609971403731083,1.1746941734105054,0.9947192345277392,2.896142197851031,1.75,2.891395157043229,5.953642389071827,2.0590898392318273
Black-throated Blue Warbler,6540,BTBW,0.123733234,125,2,66.1399070023308,0.5189909337799032,1.1317139279291952,1.9268159324418679,0.407436998462562,1.455302682781835,2,0.922204251827495,5.6082007914188665,6.081300081088675
Black-throated Gray Warbler,6650,BTYW,0.234857209,125,2,66.74320493399786,0.6906254237485455,1.264728164039565,1.4479629124746742,0.407436998462562,1.4291123605273048,2,1.030594094054694,4.138603391605346,4.015745302132218
Black-throated Green Warbler,6670,BTNW,0.123030348,125,2,79.64656355923171,0.5748809782376794,1.1309187415486743,1.7394904995213791,0.407436998462562,1.0035670759584605,2,0.9215562751232995,3.4913907885243844,3.7885812106886845
Black-throated Sparrow,5730,BTSP,0.536376292,125,2,93.59055361745216,0.684424018857176,1.7097998074594394,1.4610825635104978,0.407436998462562,0.7268025749196177,2,1.3932714030462807,2.1238371386591717,1.5243527815295463
Black-whiskered Vireo,6230,BWVI,0.252790135,125,2,NA,0.4742460615772486,1.28761302357008,2.1086100255091162,0.407436998462562,NA,2,1.049242371009395,1.049242371009395,1
Blue Grosbeak,5970,BLGR,0.425252098,125,2,95.14302487049093,0.5672639907175849,1.5299760749584168,1.7628476623996652,0.407436998462562,0.7032772684777432,2,1.2467377194011782,2.4795413775096224,1.9888235824777751
Blue Jay,4770,BLJA,0.196211491,200,1.25,110.1243519373671,0.3930302284885667,1.2167842170346477,2.5443335588857643,0.15915507752443822,0.524944945530931,1.25,0.24207173299082776,1.669543801852259,6.896896970269218
Blue-gray Gnatcatcher,7510,BGGN,0.507549726,50,1.75,37.75155863781345,0.5733177340212983,1.6612157702211197,1.7442335037953856,2.5464812403910115,4.466946139283656,1.75,7.402945891442126,13.634944952629002,1.841826909526804
Blue-headed Vireo,6290,BHVI,0.191732584,125,2,60.110866546694645,0.4978324627616514,1.2113465402021515,2.0087078983412394,0.407436998462562,1.7618726435629875,2,0.9870947968759476,7.0781749899926645,7.170714517384098
Bluethroat,7640,NA,0.336241881,200,1.5,NA,NA,1.3996775392720484,NA,0.15915507752443822,NA,1.5,0.3341486809080867,0.3341486809080867,1
Blue-throated Hummingbird,4270,NA,0.282947489,50,1.5,NA,NA,1.3270354760276561,NA,2.5464812403910115,NA,1.5,5.068906417556674,5.068906417556674,1
Blue-winged Warbler,6410,BWWA,0.245414125,125,2,51.810188951278796,0.47832724518985836,1.2781505177020607,2.0906189435290865,0.407436998462562,2.3716474866705486,2,1.0415316210317946,9.91642232601319,9.520999771653091
Boat-tailed Grackle,5130,BTGR,0.627797265,200,1.25,50.8451465983264,0.24036054497879822,1.8734792525044996,4.160416594529723,0.15915507752443822,2.4625297282905985,1.25,0.37271716959097523,12.806436932628719,34.359664586106064
Bobolink,4940,BOBO,0.240408992,200,1.75,109.92444312348668,0.5551908125464433,1.2717691873921446,1.8011825437337314,0.15915507752443822,0.5268560135608704,1.75,0.35421491632203,1.6606867457022183,4.68835915479185
Bohemian Waxwing,6180,BOWA,0.251637205,125,1.75,55.09180864667264,NA,1.286129351336277,NA,0.407436998462562,2.0975215384498482,1.75,0.9170291944503455,0.9170291944503455,1
Boreal Chickadee,7400,BOCH,0.123606521,80,1.25,44.55816310360669,0.3966513841806515,1.1315705341473656,2.521105534689269,0.9947192345277392,3.206460778920744,1.25,1.4069937194265156,10.10478252062644,7.181824894531231
Boreal Owl,3710,NA,0.805016534,200,2,NA,NA,2.2367334806656265,NA,0.15915507752443822,NA,2,0.7119749810336886,0.7119749810336886,1
Botteri's Sparrow,5760,BOSP,0.332798461,200,1.75,72.98544135195603,0.8270312155932449,1.3948661502105384,1.2091442029581452,0.15915507752443822,1.1951103639667073,1.75,0.3885000529777026,2.5288563448497006,6.509281853289323
Brewer's Blackbird,5100,BRBL,0.285067694,200,1.25,79.60321680460477,0.5155620219687036,1.3298520480790765,1.939630844377252,0.15915507752443822,1.0046603287579174,1.25,0.26456588226007294,2.435837702226309,9.20692298424117
Brewer's Sparrow,5620,BRSP,0.554371096,200,2,88.3375320752105,0.7574075592247533,1.7408458155352413,1.3202931338889103,0.15915507752443822,0.8158117681784484,2,0.5541289014592105,2.1542213521435536,3.887581655587272
Bridled Titmouse,7340,NA,0.167287607,200,1.75,NA,NA,1.1820941949880786,NA,0.15915507752443822,NA,1.75,0.3292385131779031,0.3292385131779031,1
Broad-billed Hummingbird,4410,NA,0.282947489,50,1.5,NA,NA,1.3270354760276561,NA,2.5464812403910115,NA,1.5,5.068906417556674,5.068906417556674,1
Broad-tailed Hummingbird,4320,BTHU,0.270066821,80,1.75,41.682269395086635,0.5068849300736371,1.3100519867924008,1.9728343469487764,0.9947192345277392,3.6641882483167985,1.75,2.2804843416139415,12.65046375243954,5.5472706045798015
Broad-winged Hawk,3430,BWHA,0.923824468,125,2,86.70131403843229,0.3041714429517828,2.5189054652897034,3.2876196078621356,0.407436998462562,0.8468941451947452,2,2.0525905643771596,5.568531595051773,2.712928575086525
Bronzed Cowbird,4960,NA,0.196381735,125,1.25,NA,NA,1.2169913848809335,NA,0.407436998462562,NA,1.25,0.6198091462633551,0.6198091462633551,1
Brown Creeper,7260,BRCR,0.327781306,80,2,49.95878766779903,0.46689159647988143,1.3878854168843893,2.141824799459826,0.9947192345277392,2.5506842934383025,2,2.761112638990904,10.926237750557641,3.9571865327996263
Brown Thrasher,7050,BRTH,0.141308812,200,1.5,95.03407709899922,0.43846297906300336,1.1517802766415097,2.2806942609772958,0.15915507752443822,0.7048906773228987,1.5,0.2749675188299976,2.411460183580101,8.769981974020062
Brown-crested Flycatcher,4530,NA,0.236362278,200,2,NA,NA,1.2666331003633982,NA,0.15915507752443822,NA,2,0.40318217856671235,0.40318217856671235,1
Brown-headed Cowbird,4950,BHCO,0.196359385,125,1.75,78.66677688559412,0.393774692029491,1.2169641854274365,2.5395232863901445,0.407436998462562,1.0287214046993387,1.75,0.867713411157235,4.5718084342734135,5.2688000156367
Brown-headed Nuthatch,7290,BHNU,0.193256417,125,1.5,39.062711612173565,0.39700307755247544,1.2131938371631201,2.518872161306662,0.407436998462562,4.172109661231476,1.5,0.7414500833505298,15.763516319391796,21.26038781755642
Buff-bellied Hummingbird,4390,NA,0.282947489,50,2,NA,NA,1.3270354760276561,NA,2.5464812403910115,NA,2,6.7585418900755645,6.7585418900755645,1
Bullock's Oriole,5080,BUOR,0.171626668,125,1.75,72.09155097667634,0.4374640573811026,1.187234517830135,2.285902082988356,0.407436998462562,1.2249313554772705,1.75,0.8465157197277501,4.900127989755674,5.788584754612255
Burrowing Owl,3780,BUOW,0.248559878,200,1.75,240.9983429464582,0.467291385260168,1.2821775943008038,2.139992372089724,0.15915507752443822,0.10961055502842103,1.75,0.3571138802368237,0.41049006540734834,1.149465445406736
Bushtit,7430,BUSH,0.180014259,125,1.5,34.20463039735904,0.5664784353999631,1.1972344343659,1.7652922644688993,0.407436998462562,5.441400421014027,1.5,0.7316964065910982,14.408493106640812,19.691900871522066
Cactus Wren,7130,CACW,0.38994346,200,1.5,130.75641413785098,0.8770368935617883,1.4768972877492972,1.1402028892294813,0.15915507752443822,0.37235268155727,1.5,0.3525835534910579,0.6368364049859164,1.8061999735392298
California Condor,3240,NA,1.083808476,400,1.5,NA,NA,2.955915675136693,NA,0.039788769381109555,NA,1.5,0.17641837066203095,0.17641837066203095,1
California Gnatcatcher,7530,NA,0.507418109,80,1.75,NA,NA,1.6609971403731083,NA,0.9947192345277392,NA,1.75,2.891395157043229,2.891395157043229,1
California Quail,2940,CAQU,0.386160727,200,1.5,93.82879051837682,0.5233584507690201,1.4713211328430362,1.9107363194969058,0.15915507752443822,0.723116470228953,1.5,0.3512523434414666,2.0725273543392952,5.900394383232536
California Thrasher,7100,CATH,0.151208587,200,1.75,220.20168596864494,NA,1.16323926936764,NA,0.15915507752443822,0.1312922860153626,1.75,0.3239870131674359,0.3239870131674359,1
California Towhee,5911,CALT,0.953116186,125,2,69.83801594807215,0.5796275004957726,2.593779779022811,1.7252459539008593,0.407436998462562,1.305259023031663,2,2.113603695675883,4.50378569655593,2.1308562744141684
Calliope Hummingbird,4360,CAHU,0.222786696,50,2,32.659586074562185,NA,1.2495540104388432,NA,2.5464812403910115,5.968416706706116,2,6.363931692875736,6.363931692875736,1
Canada Warbler,6860,CAWA,0.144498738,100,2,63.17164901750297,0.5781092771655156,1.1554602367720137,1.729776773178637,0.6366203100977529,1.5952768475878083,2,1.4711789084788447,5.518945675494055,3.75137628991737
Canyon Towhee,5910,CANT,0.901022212,125,2,80.7262222671563,0.6005640936170524,2.4621186324513955,1.6651012117245332,0.407436998462562,0.9769025227192508,2,2.006316450929489,3.2532831486331557,1.6215204471487887
Canyon Wren,7170,CANW,0.627107745,200,2,190.1438831953006,0.5725462060274735,1.872187896349424,1.7465839254063893,0.15915507752443822,0.17608232814990227,2,0.595936419567615,0.6150851277895045,1.0321321328805226
Cape May Warbler,6500,CMWA,0.325792288,80,2,59.382579165085815,0.5437090424995166,1.385127631359987,1.8392189973571924,0.9947192345277392,1.8053540186001318,2,2.7556261943792535,6.640882815929025,2.4099360172561375
Carolina Chickadee,7360,CACH,0.23301274,125,1.25,41.015481355252874,0.4856748573956421,1.2623975621697554,2.058990669935744,0.407436998462562,3.7842939572028427,1.25,0.6429343419961258,9.739782437718585,15.148953480194212
Carolina Wren,7180,CARW,0.2685187,200,1.5,68.93110393605606,0.5186975261641733,1.308025436877545,1.9279058594998761,0.15915507752443822,1.3398310007567316,1.5,0.31226833471527427,3.8746020556477285,12.407924931551527
Cassin's Finch,5180,CAFI,0.290200251,125,2,83.64431703944322,0.5052091205448679,1.336695135763846,1.9793783590476361,0.407436998462562,0.9099292186773532,2,1.0892381079502564,3.602188407430154,3.307071595400571
Cassin's Kingbird,4480,CAKI,0.429312979,200,2,140.12794668794848,0.6764561826448356,1.5362017580552547,1.4782923501270395,0.15915507752443822,0.3242134094158382,2,0.4889886197929247,0.958564405896079,1.9603000296857804
Cassin's Sparrow,5780,CASP,0.324927907,200,1.75,122.50220392484181,0.8631456683671905,1.3839308706559852,1.1585529959174752,0.15915507752443822,0.42422151007729886,1.75,0.385454343763504,0.8600954275072075,2.231380814416039
Cassin's Vireo,6291,CAVI,0.29475794,125,2,73.16562860431652,0.6563642289551577,1.342801280865649,1.5235443308540193,0.407436998462562,1.1892311419844028,2,1.0942138468151674,3.6236927288907763,3.3116860469623393
Cave Swallow,6121,NA,0.601584903,200,1,NA,NA,1.8250089716591722,NA,0.15915507752443822,NA,1,0.29045944436721083,0.29045944436721083,1
Cedar Waxwing,6190,CEDW,0.251384113,100,1.75,68.40964794914176,0.2806042059452142,1.285803883474882,3.5637384572747366,0.6366203100977529,1.360334707891103,1.75,1.4324955172896798,8.483784948234957,5.922381498468146
Cerulean Warbler,6580,CERW,0.214654972,100,2,46.493463976416464,0.5433371131792081,1.2394341836862472,1.8404779937610694,0.6366203100977529,2.945077183905851,2,1.5780979487281879,10.84069949381308,6.869471887058568
Chestnut-backed Chickadee,7410,CBCH,0.172673671,80,1.25,38.466145812109914,0.4778625211378642,1.1884782068914832,2.092652082483569,0.9947192345277392,4.3025224266036295,1.25,1.4777526652649955,11.25460314495543,7.61602628741476
Chestnut-collared Longspur,5380,CCLO,0.47764042,200,1.5,95.14292926081474,0.6345034810868235,1.6122656406608789,1.5760354825589413,0.15915507752443822,0.703278681933188,1.5,0.38490039454405534,1.6625882352809822,4.319528529583474
Chestnut-sided Warbler,6590,CSWA,0.207905027,125,2,84.08012359423975,0.584141163225011,1.2310962430930321,1.7119149667163591,0.407436998462562,0.900520921254956,2,1.0031883162087232,3.083230485875126,3.073431414679305
Chihuahuan Raven,4870,CHRA,0.246353299,400,1.75,365.4215449125494,0.43584863579369026,1.2793514873078111,2.294374509579403,0.039788769381109555,0.04767516349467812,1.75,0.08908168725027252,0.19142318975888495,2.148850068601494
Chimney Swift,4230,CHSW,0.281915163,200,1.75,66.2727532610155,0.30062556016425446,1.3256662496684142,3.3263971282203166,0.15915507752443822,1.4494741111000318,1.75,0.36922640079063856,8.437671411037472,22.852297108141684
Chipping Sparrow,5600,CHSP,0.695273332,125,2,78.93531525803172,0.5817658135221235,2.004256826605529,1.7189047151908174,0.407436998462562,1.0217338791079655,2,1.6332167711605128,3.512526364937773,2.150679828276489
Chuck-will's-widow,4160,CWWI,3.018785009,300,2,101.83590733557499,0.6918458011303705,20.466410067749155,1.445408786706738,0.07073559001086145,0.613873117549047,2,2.8954071830929426,1.7745951960569017,0.6129000461210561
Chukar,2882,CHUK,0.516304491,300,2,260.72576583117905,0.6007881171200482,1.6758231727923993,1.6644803242674358,0.07073559001086145,0.09365103603780933,2,0.23708068176268837,0.3117606136643884,1.3149979633366025
Clark's Nutcracker,4910,CLNU,0.324373017,300,1.25,164.62388689621625,0.5993983430637262,1.383163154273937,1.668339613500872,0.07073559001086145,0.2349063662257952,1.25,0.12229857724856391,0.4898794952975468,4.00560256970037
Clay-colored Sparrow,5610,CCSP,0.399192981,125,2,99.99000279794245,0.6205049499521889,1.490621252432494,1.6115906892878968,0.407436998462562,0.6367476176257009,2,1.2146684978712006,2.052353063983659,1.6896404801643943
Cliff Swallow,6120,CLSW,0.602018152,200,1,99.32144843734406,0.7073640541299242,1.8257998262772501,1.4136992036300537,0.15915507752443822,0.6453486427668684,1,0.29058531289526157,0.9123288623432579,3.139624825677605
Common Black Hawk,3450,NA,0.393264523,300,1.75,NA,NA,1.4818103103996483,NA,0.07073559001086145,NA,1.75,0.18342927153301952,0.18342927153301952,1
Common Grackle,5110,COGR,0.408425194,200,1.25,92.49428887001463,0.3644710374217882,1.5044467069080685,2.743702235090737,0.15915507752443822,0.7441331538141348,1.25,0.2993004153366743,2.552099746656201,8.526883411723365
Common Ground-Dove,3200,NA,0.505966382,125,1.5,NA,NA,1.6585875754159414,NA,0.407436998462562,NA,1.5,1.0136549151221539,1.0136549151221539,1
Common Nighthawk,4200,CONI,2.15054635,300,2,149.3535715003787,0.6333012875800639,8.589550016079482,1.579027264923375,0.07073559001086145,0.28539690892967123,2,1.2151737766303732,0.9012990010496086,0.7417037944555334
Common Poorwill,4180,COPO,3.361205639,300,2,220.3640501353962,0.15574249930030915,28.823921182442252,6.420854965681259,0.07073559001086145,0.13109888505574951,2,4.07775414253324,1.6835338542109717,0.4128581065373164
Common Raven,4860,CORA,0.322897689,400,1,219.17527134817914,0.526340948666826,1.3811240394952926,1.8999091796541947,0.039788769381109555,0.13252486912162106,1,0.054953225894184644,0.2517852153766386,4.581809553118218
Common Redpoll,5280,CORE,0.195174643,125,2,89.25700959002798,NA,1.2155232505810236,NA,0.407436998462562,0.7990902375776036,2,0.9904982895563778,0.9904982895563778,1
Common Yellowthroat,6810,COYE,0.105097389,125,2,86.6530588997286,0.5882830492517399,1.1108187866188408,1.6998619988659183,0.407436998462562,0.8478376404139003,2,0.9051773445116112,2.8824139722954722,3.184363804256148
Connecticut Warbler,6780,CONW,0.251795457,125,2,89.62868309031,0.6979199314081779,1.28633289998395,1.4328291183521893,0.407436998462562,0.7924766212189498,2,1.0481992315862072,2.2709671569917393,2.1665415205038414
Cooper's Hawk,3330,COHA,0.266253374,125,2,87.93408976816507,0.2617496921150083,1.3050656865121661,3.820443844345067,0.407436998462562,0.8233148426997147,2,1.0634640922179996,6.290856245500104,5.915438322303542
Cordilleran Flycatcher,4640,COFL,0.286041028,125,2,68.38562162610899,0.7227125423361074,1.3311470684338729,1.3836760003743456,0.407436998462562,1.3612907446090654,2,1.0847171321498714,3.7671706656945725,3.472952121838596
Costa's Hummingbird,4300,NA,0.282947489,50,1.25,NA,NA,1.3270354760276561,NA,2.5464812403910115,NA,1.25,4.224088681297228,4.224088681297228,1
Couch's Kingbird,4461,NA,0.287611169,200,2,NA,NA,1.3332387987490792,NA,0.15915507752443822,NA,2,0.4243834487469972,0.4243834487469972,1
Crested Caracara,3620,NA,0.263500335,300,1,NA,NA,1.3014777309366108,NA,0.07073559001086145,NA,1,0.09206079518379835,0.09206079518379835,1
Crissal Thrasher,7120,CRTH,0.151208587,200,2,121.10095975398237,0.6325701008484006,1.16323926936764,1.580852459923104,0.15915507752443822,0.4340955358990575,2,0.3702708721913553,1.3724819915353264,3.7066971631136845
Curve-billed Thrasher,7070,CBTH,0.288256196,200,2,128.78632893431282,0.6503577226072508,1.3340990511849176,1.5376153234423837,0.15915507752443822,0.3838318084799574,2,0.42465727583323004,1.1803713406867695,2.7795858162814593
Dark-eyed Junco,5670,DEJU,0.541617969,125,2,62.76624975413624,0.5543843647080193,1.7187855554052291,1.803802674930552,0.407436998462562,1.6159507803412396,2,1.4005936553902283,5.829712680271282,4.162315499456571
Dickcissel,6040,DICK,0.149758908,200,1.75,107.28924211260305,0.7908930503290921,1.1615541675503342,1.264393459499863,0.15915507752443822,0.5530547604351982,1.75,0.3235176762742885,1.2237379382191744,3.7825999256425504
Downy Woodpecker,3940,DOWO,0.297784285,125,2,63.51032257688697,0.31482778702813363,1.3468712162159415,3.1763397044449513,0.407436998462562,1.5783083445289237,2,1.0975303313012872,10.026486921168003,9.13549870578984
Dusky Flycatcher,4690,DUFL,0.151740992,125,2,68.63597811868574,0.7616035022759131,1.163858748663152,1.3130191720648374,0.407436998462562,1.351377972322975,2,0.948398230379416,3.548770372732343,3.7418568055663948
Dusky Grouse,2970,DUGR,0.516304491,200,2,126.71853170550087,0.5670033300332251,1.6758231727923993,1.7636580722398971,0.15915507752443822,0.3964607750455642,2,0.5334315339660487,1.3984424924711905,2.6215969687315055
Eastern Bluebird,7660,EABL,0.161933803,125,1.5,77.25737969501438,0.3420838553138603,1.175782405476883,2.923259851250521,0.407436998462562,1.066597450478332,1.5,0.7185858811988883,4.6769122566442105,6.508494501507951
Eastern Kingbird,4440,EAKI,0.144573269,125,1.75,87.5604453509452,0.423633482771149,1.1555463575882161,2.3605310738391516,0.407436998462562,0.8303564551013107,1.75,0.823921594160156,3.4301438756017446,4.163192104581476
Eastern Meadowlark,5010,EAME,0.245182991,200,1.75,132.40422411084347,0.6582364075126754,1.277855127798942,1.5192110138343318,0.15915507752443822,0.3631422736926426,1.75,0.3559099808772227,0.965457048119732,2.712643926815818
Eastern Phoebe,4560,EAPH,0.898152488,125,2,88.72765773234225,0.40929037379373057,2.4550631599923296,2.4432531621277964,0.407436998462562,0.8086534724829506,2,2.0005671298865746,3.951490307419184,1.975185060469938
Eastern Screech-Owl,3730,EASO,2.114649232,125,2,85.48284126138765,0.4147473330298225,8.286678554607407,2.4111065228431374,0.407436998462562,0.8712094796765205,2,6.7525988750266475,4.201157718421669,0.6221541951734976
Eastern Towhee,5870,EATO,0.302646684,125,2,61.01826298617674,0.5667680756133184,1.3534361892954756,1.7643901324503273,0.407436998462562,1.7098610094551616,2,1.1028799571543129,6.033723785888486,5.4708798965364265
Eastern Whip-poor-will,4171,NA,3.32522679,300,2,NA,NA,27.805303892528613,NA,0.07073559001086145,NA,2,3.933649152538628,3.933649152538628,1
Eastern Wood-Pewee,4610,EAWP,0.110277554,200,2,88.16537416611912,0.5797287224053521,1.1165879409033408,1.724944722164016,0.15915507752443822,0.8190009016519769,2,0.3554212805946481,2.8254625655042958,7.949615624526117
Elegant Trogon,3890,NA,0.336241881,200,1.5,NA,NA,1.3996775392720484,NA,0.15915507752443822,NA,1.5,0.3341486809080867,0.3341486809080867,1
Elf Owl,3810,NA,2.813439651,125,2,NA,NA,16.667148910976046,NA,0.407436998462562,NA,2,13.581626250433278,13.581626250433278,1
Eurasian Collared-Dove,22860,EUCD,0.353765248,200,1.75,133.60801176844086,0.4898182113064655,1.4244207616053417,2.041573744946629,0.15915507752443822,0.3566280404326226,1.75,0.3967316442962556,1.2741442771032625,3.2116023398219458
Eurasian Tree Sparrow,6883,NA,0.237386145,125,1.75,NA,NA,1.267930628330651,NA,0.407436998462562,NA,1.75,0.9040532365651337,0.9040532365651337,1
European Starling,4930,EUST,0.455644428,200,1,104.68824602972244,0.3866723970730823,1.5771894406476978,2.586168569490614,0.15915507752443822,0.5808776176794853,1,0.2510177076970097,1.5022474375632704,5.984627345002108
Evening Grosbeak,5140,EVGR,0.252268742,125,1.75,99.52600267436466,0.3861489519543724,1.2869418461416933,2.5896742563687205,0.407436998462562,0.6426986188961318,1.75,0.9176085152287194,2.912665118928327,3.17419146682867
Ferruginous Hawk,3480,FEHA,0.136893402,300,1.25,175.87016118884142,0.6178056597772624,1.1467059054489714,1.6186319826861575,0.07073559001086145,0.20582407226804142,1.25,0.10139114848859013,0.41644178272469856,4.107279470964491
Field Sparrow,5630,FISP,0.080762136,200,2,119.44157392774834,0.628366593295467,1.0841129944418508,1.5914276962998664,0.15915507752443822,0.44624098398080614,2,0.34508417535128727,1.4203205222623199,4.1158668629660236
Fish Crow,4900,FICR,0.487620817,400,1.25,119.83999239467707,0.4509723447109659,1.6284372571651435,2.2174308729306076,0.039788769381109555,0.4432787823827885,1.25,0.08099189309618811,1.2286750717133545,15.17034637348392
Flammulated Owl,3740,NA,1.485902877,125,2,NA,NA,4.418953383558206,NA,0.407436998462562,NA,2,3.6008902058858756,3.6008902058858756,1
Florida Scrub-Jay,4790,FLSJ,0.162911473,200,1.5,46.51345695804519,0.4371696571106535,1.1769324947735387,2.2874414629075837,0.15915507752443822,2.942545950003447,1.5,0.28097217367006955,10.096352418823006,35.93363814979987
Fox Sparrow,5850,FOSP,0.088786254,200,2,96.01582321177361,0.5531722954125731,1.0928470396765648,1.8077550309242603,0.15915507752443822,0.6905495875985042,2,0.34786431064415296,2.496688982167738,7.177192099829179
Gambel's Quail,2950,GAQU,0.617677484,200,1.75,165.9852920849725,0.7858145829139883,1.8546156614509821,1.2725648285779592,0.15915507752443822,0.23106878234422557,1.75,0.5165501239084695,0.514587509438795,0.9962005343163517
Gila Woodpecker,4110,GIWO,0.327182639,200,1,127.03633982365743,0.6072942410177766,1.3870547843464724,1.6466482513057918,0.15915507752443822,0.3944795963182489,1,0.22075681173330575,0.6495691374532593,2.9424647527433843
Gilded Flicker,4140,NA,0.262542044,200,1.25,NA,NA,1.3002311339370944,NA,0.15915507752443822,NA,1.25,0.2586729836518081,0.2586729836518081,1
Golden Eagle,3490,GOEA,0.42719715,400,1.75,262.96354570215743,0.5947263713864975,1.5329548539839009,1.6814455321170305,0.039788769381109555,0.09206390580180114,1.75,0.10674017752443134,0.27090077538944296,2.53794570772039
Golden-cheeked Warbler,6660,NA,0.152835663,125,2,NA,NA,1.1651334886665732,NA,0.407436998462562,NA,2,0.9494369828610442,0.9494369828610442,1
Golden-crowned Kinglet,7480,GCKI,0.19966966,50,2,39.41356502827037,0.5261454651426027,1.2209993466081936,1.9006150698817998,2.5464812403910115,4.098161330451527,2,6.218503861334895,15.578054366926036,2.505112920132846
Golden-crowned Sparrow,5570,GCSP,0.238439032,200,2,85.63536455586956,0.5357721044585169,1.2692663190484264,1.8664652222061084,0.15915507752443822,0.8681088586632721,2,0.4040203588146213,3.240589987568071,8.020858149514607
Golden-fronted Woodpecker,4100,GFWO,0.327182639,200,1,142.09043341576407,0.6534072405876039,1.3870547843464724,1.530439116500619,0.15915507752443822,0.3153194873752014,1,0.22075681173330575,0.48257727767393127,2.1860130787580334
Golden-winged Warbler,6420,GWWA,0.133705003,125,2,86.16162501498334,0.4878052866148881,1.1430555719390065,2.049998283002371,0.407436998462562,0.8575367232964393,2,0.9314462626134719,3.515897620738359,3.774665014891335
Grace's Warbler,6640,GRWA,0.152835663,125,2,73.72629067296278,0.7522782873843273,1.1651334886665732,1.3292953110171521,0.407436998462562,1.1712125610237174,2,0.9494369828610442,3.113774731146435,3.279601266177089
Grasshopper Sparrow,5460,GRSP,0.391507599,125,2,67.19074357806579,0.8302935154073845,1.4792091679757322,1.204393363844771,0.407436998462562,1.4101379324187457,2,1.205369086996672,3.396721535821847,2.817992905629598
Gray Catbird,7040,GRCA,0.424676515,125,2,73.10307429792313,0.4356639332582303,1.5290957001279624,2.295347224456315,0.407436998462562,1.1912672631287375,2,1.2460203248442936,5.468744012016437,4.388968544874922
Gray Flycatcher,4691,GRFL,0.253852676,125,2,72.15152870738217,0.6832520187803868,1.2889818923105505,1.4635887966859027,0.407436998462562,1.2228956933645727,2,1.050357826551208,3.579632872647655,3.4080127573297405
Canada Jay,4840,CAJA,0.206075389,125,1,78.3542831128186,0.3841404545793614,1.228845841962506,2.6032144963617863,0.407436998462562,1.0369432928717712,1,0.5006772614224032,2.69938581190892,5.39146875622048
Gray Kingbird,4450,GRAK,0.287611169,200,1.75,NA,0.3353512338193304,1.3332387987490792,2.981948175979419,0.15915507752443822,NA,1.75,0.37133551765362255,0.37133551765362255,1
Gray Partridge,2881,GRAP,0.255873113,125,2,NA,0.6086364356290064,1.2915888317096842,1.6430169826532515,0.407436998462562,NA,2,1.0524821536791216,1.0524821536791216,1
Gray Vireo,6340,GRVI,0.252790135,125,2,94.4567581191164,0.7463631703394042,1.28761302357008,1.3398303128291498,0.407436998462562,0.7135335823440954,2,1.049242371009395,1.9120278456923865,1.8222937793228577
Gray-cheeked Thrush,7570,GCTH,0.440536327,125,2,96.92664220908446,0.4527840380100119,1.553540200671163,2.208558420908575,0.407436998462562,0.6776323859792026,2,1.2659395127047697,2.9931814246694755,2.364395292690036
Gray-crowned Rosy-Finch,5240,GCRF,0.244353977,125,1.5,NA,0.6265988778411256,1.2767962069987555,1.5959173170647625,0.407436998462562,NA,1.5,0.7803210213419354,0.7803210213419354,1
Great Crested Flycatcher,4520,GCFL,0.223953898,200,1.75,94.86729687914084,0.4285336749589388,1.251013343881714,2.333538898887743,0.15915507752443822,0.7073713037353417,1.75,0.3484339700268015,2.888687293140874,8.290486983570162
Great Gray Owl,3700,NA,0.788077555,200,2,NA,NA,2.199164586855845,NA,0.15915507752443822,NA,2,0.7000164206200823,0.7000164206200823,1
Great Horned Owl,3750,GHOW,2.450156066,300,2,138.82254008989764,0.4664077501786128,11.590155407276153,2.14404670509237,0.07073559001086145,0.3303395072342385,2,1.63967296210251,1.4165266640948124,0.8639080455888211
Greater Pewee,4600,NA,0.111056929,200,2,NA,NA,1.1174585208398338,NA,0.15915507752443822,NA,2,0.35569839502921563,0.35569839502921563,1
Greater Prairie-Chicken,3050,GRPC,0.30719296,200,2,393.9396273148156,0.6609452492136594,1.3596032918133605,1.5129846249590586,0.15915507752443822,0.041022408063873445,2,0.4327755346220736,0.12413254535887405,0.28682893423556
Greater Roadrunner,3850,GRRO,0.413389213,200,2,141.41096888130932,0.5440624352801184,1.5119333755548057,1.8380243427119454,0.15915507752443822,0.3183569197710352,2,0.48126374719642134,1.170295536419913,2.4317134694591336
Greater Sage-Grouse,3090,GRSG,0.516304491,200,1.25,150.62177640025024,0.4145925415616304,1.6758231727923993,2.412006728903846,0.15915507752443822,0.28061117304581196,1.25,0.3333947087287804,0.846045046990125,2.5376678898596143
Great-tailed Grackle,5120,GTGR,0.355734022,200,1,147.56418110993548,0.3998414668208299,1.4272278865564418,2.500991225225029,0.15915507752443822,0.2923604257065587,1,0.22715056492993063,0.7311908592951571,3.2189700233442444
Green Jay,4830,NA,0.196506623,200,1.5,NA,NA,1.2171433819921185,NA,0.15915507752443822,NA,1.5,0.2905718239789688,0.2905718239789688,1
Green-tailed Towhee,5900,GTTO,0.634658223,200,2,88.93517119247485,0.7650178573217246,1.8863773108927016,1.3071590295956383,0.15915507752443822,0.8048841941315723,2,0.6004530543109384,2.104223284275787,3.5043926734464352
Groove-billed Ani,3840,NA,0.320440779,125,1.25,NA,NA,1.3777349071328608,NA,0.407436998462562,NA,1.25,0.7016752190491368,0.7016752190491368,1
Gunnison Sage-Grouse,3089,NA,0.516304491,200,1.25,NA,NA,1.6758231727923993,NA,0.15915507752443822,NA,1.25,0.3333947087287804,0.3333947087287804,1
Gyrfalcon,3540,NA,0.26349032,300,1.5,NA,NA,1.3014646967024044,NA,0.07073559001086145,NA,1.5,0.13808980979932714,0.13808980979932714,1
Hairy Woodpecker,3930,HAWO,0.249314168,125,2,72.95658930367325,0.3706896328425634,1.2831450928797887,2.6976745811089695,0.407436998462562,1.1960558083852966,2,1.045601570469813,6.45313870373751,6.17169951345613
Hammond's Flycatcher,4680,HAFL,0.383876374,100,2,55.95710093727336,0.7173150743400576,1.4679639519522718,1.3940875296953956,0.6366203100977529,2.0331530739049164,2,1.8690713326083561,5.66878669258541,3.0329429346468095
Harris's Hawk,3350,NA,0.393264523,300,1.5,NA,NA,1.4818103103996483,NA,0.07073559001086145,NA,1.5,0.15722508988544528,0.15722508988544528,1
Henslow's Sparrow,5470,HESP,0.678606158,125,2,NA,0.4844373821974134,1.9711283750742585,2.064250276194601,0.407436998462562,NA,2,1.606221257449286,1.606221257449286,1
Hepatic Tanager,6090,HETA,0.249492464,125,2,94.70454066506088,0.6738447780994684,1.2833738929137282,1.4840212946673406,0.407436998462562,0.7098047246277457,2,1.0457880136679658,2.1067306528061245,2.0144911064882454
Hermit Thrush,7590,HETH,0.34889321,200,2,129.00141679910777,0.6522584244759557,1.4174978076681712,1.533134663309915,0.15915507752443822,0.3825529273506953,2,0.45120394694029803,1.1730103069440612,2.5997341443896334
Hermit Warbler,6690,HEWA,0.169558798,125,2,66.99810027828741,0.7599309590416257,1.1847820077976385,1.3159090152888802,0.407436998462562,1.4182588843135355,2,0.9654480501790351,3.7325993037634606,3.866183481411846
Hoary Redpoll,5270,HORE,0.195275926,125,2,51.136352702154106,NA,1.215646368657191,NA,0.407436998462562,2.4345628591122916,2,0.990598615275198,0.990598615275198,1
Hooded Oriole,5050,NA,0.134838091,125,1.75,NA,NA,1.144351488546031,NA,0.407436998462562,NA,1.75,0.8159394874388797,0.8159394874388797,1
Hooded Warbler,6840,HOWA,0.165781479,125,2,49.729921408853926,0.5691335386342617,1.1803151498934867,1.7570568805340128,0.407436998462562,2.574215755132236,2,0.9618081238249824,9.046087009068309,9.40529278656249
Horned Lark,4740,HOLA,0.319579262,200,2,88.82337823064489,0.6762324227427369,1.3765484762274514,1.4787815052465119,0.15915507752443822,0.8069115210441906,2,0.43816935890025466,2.386491667380961,5.446505144428012
House Finch,5190,HOFI,0.106257564,125,1.75,79.45126198255375,0.44044297555080714,1.1121082786781926,2.2704414771274863,0.407436998462562,1.0085069377545888,1.75,0.7929496033025162,4.007072967535481,5.053376596503262
House Sparrow,6882,HOSP,0.23727539,125,1,82.84851428513382,0.610461124899535,1.2677902064502666,1.6381059484575244,0.407436998462562,0.9274938540369009,1,0.5165446363963284,1.5193331994556423,2.941339610174378
House Wren,7210,HOWR,0.157442539,125,2,91.65260107770135,0.7273585306833024,1.1705134971732145,1.3748377970635335,0.407436998462562,0.75786334175068,2,0.953821011896342,2.0838783344954255,2.1847687443500083
Hutton's Vireo,6320,HUVI,0.412118002,125,2,64.84322648679719,0.5387981562114559,1.5100126103241376,1.8559825947279998,0.407436998462562,1.5140884861718342,2,1.2304700111821698,5.62024375442598,4.567558496631991
Inca Dove,3210,NA,0.259561594,125,1.25,NA,NA,1.2963616293508506,NA,0.407436998462562,NA,1.25,0.6602321139809336,0.6602321139809336,1
Indigo Bunting,5980,INBU,0.334016374,125,2,60.59373857291456,0.5797568981523389,1.3965660107591513,1.7248608911544794,0.407436998462562,1.7339037748207138,2,1.1380253271570853,5.981485620426744,5.256021529300376
Juniper Titmouse,7331,JUTI,0.161396989,200,1.25,75.70581116603617,0.5056530743768128,1.1751513984025381,1.9776405022998034,0.15915507752443822,1.1107646642801334,1.25,0.23378913989463493,2.7458664857547945,11.745055766885978
Kentucky Warbler,6770,KEWA,0.165429467,125,2,58.814041547180025,0.5654599958957196,1.1798997379162324,1.7684716996043994,0.407436998462562,1.8404263466450768,2,0.9614696154067065,6.509483818496269,6.770347927992217
Kirtland's Warbler,6700,NA,0.152835663,200,2,NA,NA,1.1651334886665732,NA,0.15915507752443822,NA,2,0.37087382143009523,0.37087382143009523,1
Ladder-backed Woodpecker,3960,LBWO,0.335269007,125,2,100.54225843943979,0.4382593503492269,1.398316491557025,2.2817539413663397,0.407436998462562,0.6297718104393408,2,1.1394517484413893,2.8739686212627626,2.5222381072247684
Lapland Longspur,5360,LALO,0.479198426,200,1.75,115.31337133496014,0.7633308048579114,1.6147795180121087,1.3100480075426053,0.15915507752443822,0.47876362965161945,1.75,0.4497506289046613,1.0976058434406972,2.4404765060892646
Lark Bunting,6050,LARB,0.286366646,200,1,120.34704080963347,0.6707160926786553,1.331580584456482,1.490943800090252,0.15915507752443822,0.4395513901188869,1,0.21192781114920817,0.655346419918806,3.0923096707558035
Lark Sparrow,5520,LASP,0.14314708,200,1.5,91.48090366897794,0.5491722109872875,1.1538995047248966,1.820922435609453,0.15915507752443822,0.7607108274795654,1.5,0.27547344769485266,2.0777931191528594,7.54262574683594
Lawrence's Goldfinch,5310,LAGO,0.312388451,125,1.75,71.33777939756854,NA,1.366685480271885,NA,0.407436998462562,1.2509539328191484,1.75,0.9744669023675983,0.9744669023675983,1
Lazuli Bunting,5990,LAZB,0.253922015,125,2,72.71732758415283,0.7334107180142784,1.289071272124699,1.3634924816854552,0.407436998462562,1.2039395184131323,2,1.0504306598376076,3.283124963520627,3.125503747223244
LeConte's Sparrow,5480,LCSP,0.705896323,125,2,100.30336823675907,0.5745796934396141,2.0256615184715407,1.7404026132801294,0.407436998462562,0.6327752085372126,2,1.6506588979743202,2.202567253114087,1.3343563929634803
LeConte's Thrasher,7110,NA,0.151208587,200,1.75,NA,NA,1.16323926936764,NA,0.15915507752443822,NA,1.75,0.3239870131674359,0.3239870131674359,1
Least Flycatcher,4670,LEFL,0.087097838,125,2,79.85640096224499,0.6821340172345827,1.0910034160889794,1.4659875841613463,0.407436998462562,0.9982998906157249,2,0.8890303143273908,2.9269904898245658,3.2923404777698995
Lesser Goldfinch,5300,LEGO,0.300588294,125,1.75,59.5290609293893,0.3824006457463832,1.3506531550453627,2.6150583455427077,0.407436998462562,1.796480165292774,1.75,0.9630356180474259,8.22132578548892,8.53688651948079
Lesser Nighthawk,4210,NA,2.125465631,300,2,NA,NA,8.376797076571735,NA,0.07073559001086145,NA,2,1.1850753672251222,1.1850753672251222,1
Lesser Prairie-Chicken,3070,NA,0.30719296,200,2,NA,NA,1.3596032918133605,NA,0.15915507752443822,NA,2,0.4327755346220736,0.4327755346220736,1
Lewis's Woodpecker,4080,LEWO,0.327182639,200,1.5,101.59176652206091,0.428813116423193,1.3870547843464724,2.332018218894933,0.15915507752443822,0.6168271278923859,1.5,0.3311352175999587,2.1576781502305185,6.516003238402715
Lincoln's Sparrow,5830,LISP,0.650857783,125,2,84.62047932980533,0.5930246489665341,1.9171846522938696,1.6862705483536025,0.407436998462562,0.8890568402736513,2,1.5622639204582096,2.998380731131542,1.9192536496983952
Loggerhead Shrike,6220,LOSH,0.257515395,125,1.25,105.74357162151351,0.45494150172169845,1.293711727519053,2.198084800387656,0.407436998462562,0.5693411044410005,1.25,0.6588825289202236,1.5643250348846052,2.374209310798118
Long-billed Thrasher,7060,NA,0.151208587,200,2,NA,NA,1.16323926936764,NA,0.15915507752443822,NA,2,0.3702708721913553,0.3702708721913553,1
Long-eared Owl,3660,NA,0.950630863,125,2,NA,NA,2.587341402517739,NA,0.407436998462562,NA,2,2.108357230079486,2.108357230079486,1
Louisiana Waterthrush,6760,LOWA,0.327908312,200,2,49.96258798011132,0.48172067524303286,1.3880616978537794,2.075891800773322,0.15915507752443822,2.550296281981659,2,0.44183413426124324,10.588278282616827,23.964373645147788
Lucy's Warbler,6430,LUWA,0.213627285,125,2,81.06952015358793,0.8868890391391409,1.2381610875725275,1.127536767136789,0.407436998462562,0.9686464360189689,2,1.008945274267384,2.184368941934802,2.1650024016623868
MacGillivray's Warbler,6800,MGWA,0.154940761,125,2,64.3953113868069,0.6677362213940263,1.1675887922639339,1.4975973565015086,0.407436998462562,1.5352248609616161,2,0.9514377459170901,4.598297386823025,4.832998697556118
Magnificent Hummingbird,4260,NA,0.282947489,50,1.5,NA,NA,1.3270354760276561,NA,2.5464812403910115,NA,1.5,5.068906417556674,5.068906417556674,1
Magnolia Warbler,6570,MAWA,0.128230092,125,2,72.92830015431352,0.5599388538023276,1.1368145445387456,1.7859092885042498,0.407436998462562,1.1969838970359628,2,0.926360611670902,4.275409319813081,4.615275375430102
Mangrove Cuckoo,3860,MACU,0.309625232,200,2,NA,0.1946356409879315,1.3629142417642919,5.137805156980502,0.15915507752443822,NA,2,0.43382944361431364,0.43382944361431364,1
Marsh Wren,7250,MAWR,0.865362685,125,2,66.53870689829307,0.7512098668528608,2.375867621282927,1.3311859230356322,0.407436998462562,1.437910240177495,2,1.9360327447198054,3.8282517406261327,1.9773693141642503
Thick-billed Longspur,5390,TBLO,0.477568371,200,1.5,87.18636132074384,0.619144308589944,1.612149482718317,1.615132346572687,0.15915507752443822,0.8374972387788316,1.5,0.384872663854525,2.0290033207755003,5.271882134872606
Merlin,3570,MERL,0.136416034,125,2,95.9859622314305,0.35956772444498497,1.146158635379301,2.7811172472266854,0.407436998462562,0.6909793107511717,2,0.9339748683217768,3.843388957213782,4.115088197308584
Mexican Jay,4820,MEJA,0.162911473,200,1.25,105.2646151611911,0.6840679481967513,1.1769324947735387,1.4618430853778,0.15915507752443822,0.574533922021892,1.25,0.23414347805839128,1.0498480515283637,4.483780886122098
Mexican Whip-poor-will,4172,NA,3.611336298,300,2,NA,NA,37.015483496972024,NA,0.07073559001086145,NA,2,5.2366241293912426,5.2366241293912426,1
Mississippi Kite,3290,MIKI,1.03847348,300,1.75,100.71470462227786,0.18793931623320193,2.8249014527284086,5.320866437330035,0.07073559001086145,0.6276170353269437,1.75,0.34968687421724637,5.844066232843499,16.71228365641433
Monk Parakeet,3824,NA,0.336241881,125,1.5,NA,NA,1.3996775392720484,NA,0.407436998462562,NA,1.5,0.8554206231247022,0.8554206231247022,1
Montezuma Quail,2960,NA,0.464854806,200,1.25,NA,NA,1.5917830547590102,NA,0.15915507752443822,NA,1.25,0.3166754443528217,0.3166754443528217,1
Mountain Bluebird,7680,MOBL,0.561682314,200,2,95.39987575577345,0.4271001700867356,1.7536201599020746,2.341371111598761,0.15915507752443822,0.6994954141080938,2,0.5581951049952649,3.2755567105770065,5.8681215246500456
Mountain Chickadee,7380,MOCH,0.281720767,125,1.25,71.10331611003778,0.6225063043279996,1.325408570498855,1.6064094340048618,0.407436998462562,1.259217579885626,1.25,0.6750256121257605,2.5285237497413005,3.7458189797844654
Mountain Quail,2920,MOUQ,0.40626839,300,2,187.04471874140913,0.6181066121524736,1.5012054069137095,1.6178438805526343,0.07073559001086145,0.18196572378568457,2,0.2123773003710732,0.5887842653940014,2.7723502670259794
Mourning Dove,3160,MODO,0.316423592,200,1.75,129.1444829618333,0.5406391813507302,1.3722113903025943,1.8496624634226566,0.15915507752443822,0.38170581312693463,1.75,0.38219021785617147,1.2355471005694496,3.232806709444404
Mourning Warbler,6790,MOWA,0.259959923,125,2,86.5545872733398,0.6088622079777057,1.296878110640217,1.6424077351120736,0.407436998462562,0.8497678776290766,2,1.0567922495420967,2.791330670535531,2.641323942094581
Nashville Warbler,6450,NAWA,0.213572778,125,2,80.75406972832602,0.6458160942140767,1.2380936009653902,1.5484284287107244,0.407436998462562,0.9762288832466269,2,1.0088902811860871,3.0232411114951994,2.9966004905320034
Nelson's Sparrow,5491,NESP,0.571305714,125,2,NA,0.12070088808064439,1.7705774104843675,8.2849431839463,0.407436998462562,NA,2,1.4427974913467323,1.4427974913467323,1
Northern Beardless-Tyrannulet,4720,NA,0.309093639,125,2,NA,NA,1.36218991863338,NA,0.407436998462562,NA,2,1.1100131435678917,1.1100131435678917,1
Northern Bobwhite,2890,NOBO,0.471034551,200,1.75,158.59054296809447,0.5354707440148986,1.6016503253388061,1.8675156601500094,0.15915507752443822,0.2531196829168295,1.75,0.44609386796859396,0.8272337005439219,1.8543937945413789
Northern Cardinal,5930,NOCA,0.866690425,200,2,80.88832503837386,0.5265661065820406,2.3790242508863706,1.899096784810241,0.15915507752443822,0.9729909587641256,2,0.7572675781646777,3.695608002876769,4.880187808691726
Northern Flicker,4120,NOFL,0.263105839,200,1.25,125.3415119725342,0.39159003242087387,1.30096440443695,2.5536911494346164,0.15915507752443822,0.4052197752851252,1.25,0.2588188633058717,1.2935076921518853,4.997733455861832
Northern Goshawk,3340,NOGO,0.350349154,125,2,91.47942373804449,0.44277403936343473,1.419563108212396,2.258488328352934,0.407436998462562,0.7607354408526158,2,1.1567650638764875,3.436224228260113,2.9705463413156923
Northern Harrier,3310,NOHA,0.222768112,300,2,176.15618508960665,0.24296507793388122,1.249530788942888,4.115817830709535,0.07073559001086145,0.20515622390334648,2,0.17677259518522476,1.6887712888448623,9.553354619675886
Northern Hawk Owl,3770,NA,0.236760813,200,2,NA,NA,1.2671379985891758,NA,0.15915507752443822,NA,2,0.4033428927992435,0.4033428927992435,1
Northern Mockingbird,7030,NOMO,0.099038838,200,1.5,127.21226620308684,0.7412994118082611,1.1041091801185163,1.348982589316626,0.15915507752443822,0.39338927096238263,1.5,0.2635868732358096,0.7960129160283221,3.019926243884666
Northern Parula,6480,NOPA,0.165653455,100,2,56.25578654034493,0.5592249695039236,1.180164050899092,1.788189109093391,0.6366203100977529,2.0116206608300753,2,1.5026328080992004,7.194316314647182,4.787807291222294
Northern Pygmy-Owl,3790,NOPO,1.056103865,200,2,170.15876719833685,0.5021357782070244,2.875147177175246,1.9914932243440187,0.15915507752443822,0.2198729629676714,2,0.915188543754992,0.8757510319331219,0.9569077737139724
Northern Rough-winged Swallow,6170,NRWS,0.303402591,125,1.75,76.45033245523928,0.42016169760436317,1.354459647956067,2.380036080636817,0.407436998462562,1.0892353641505625,1.75,0.965749703628287,4.536734067221861,4.697629261678791
Northern Saw-whet Owl,3720,NA,2.47047366,200,2,NA,NA,11.82804799823694,NA,0.15915507752443822,NA,2,3.764987792244353,3.764987792244353,1
Northern Shrike,6210,NA,0.257533707,200,1.75,NA,NA,1.2937354181851186,NA,0.15915507752443822,NA,1.75,0.3603329813603871,0.3603329813603871,1
Northern Waterthrush,6750,NOWA,0.108962749,200,2,98.67048264313213,0.5393162781704368,1.115120810202446,1.854199549459874,0.15915507752443822,0.6538919407814726,2,0.3549542779937693,2.424892283984898,6.831562356962109
Northern Wheatear,7650,NA,0.336241881,200,2,NA,NA,1.3996775392720484,NA,0.15915507752443822,NA,2,0.44553157454411557,0.44553157454411557,1
Northwestern Crow,4890,NA,0.438962554,400,1.5,NA,NA,1.5510972039143263,NA,0.039788769381109555,NA,1.5,0.09257437340134649,0.09257437340134649,1
Nuttall's Woodpecker,3970,NUWO,0.27959732,125,1.5,61.76332347650071,0.4803473355839232,1.322597121683739,2.0818268905028336,0.407436998462562,1.668857194118535,1.5,0.8083125021510698,5.21140767468761,6.447268427519166
Oak Titmouse,7330,OATI,0.203429085,200,1.25,53.40298414786996,0.5982435586931887,1.225598241260127,1.6715599950368267,0.15915507752443822,2.2322839556568312,1.25,0.2438252288769633,4.664245697298151,19.12946301242591
Olive Sparrow,5860,NA,0.709359899,200,1.75,NA,NA,2.0326897154121024,NA,0.15915507752443822,NA,1.75,0.5661475561691975,0.5661475561691975,1
Olive Warbler,6510,NA,0.336241881,125,2,NA,NA,1.3996775392720484,NA,0.407436998462562,NA,2,1.1405608308329362,1.1405608308329362,1
Olive-sided Flycatcher,4590,OSFL,0.109373062,300,2,130.74619398667542,0.6927734932637827,1.1155784526493446,1.4434732415768639,0.07073559001086145,0.3724108958626205,2,0.15782220010311052,1.0751303260987213,6.8122882927516075
Orange-crowned Warbler,6460,OCWA,0.237215061,125,2,68.37976141701536,0.5544542944476285,1.2677137242419725,1.8035751729477423,0.407436998462562,1.3615240823707857,2,1.0330269494298905,4.911222064668812,4.754205170909849
Orchard Oriole,5060,OROR,0.099898312,125,1.75,66.94385390501586,0.4066262287249657,1.1050585411691187,2.459260936353373,0.407436998462562,1.420558320863371,1.75,0.7879230364938856,6.113666276044301,7.759217579484672
Osprey,3640,OSPR,0.49973566,300,1.25,133.6828988798063,0.4910677912649558,1.6482855053170795,2.0363787195736682,0.07073559001086145,0.3562285972185492,1.25,0.14574055965619315,0.9067704183492916,6.221812380084126
Ovenbird,6740,OVEN,0.214366322,200,2,90.87761824348304,0.6805064288606586,1.2390764726382568,1.4694938322247082,0.15915507752443822,0.7708442143177872,2,0.39441062412289846,2.2655016370921786,5.744017778756
Pacific Wren,7221,PAWR,0.513974173,200,1.75,60.235762195607514,0.8093496081926944,1.6719225185356072,1.2355599976542084,0.15915507752443822,1.7545739197522,1.75,0.46566617659167997,3.793792359303036,8.147021514576585
Pacific-slope Flycatcher,4641,PSFL,0.141806818,125,2,57.498952300801676,0.691526927704017,1.1523540129801708,1.4460752863524262,0.407436998462562,1.9255758344509806,2,0.939023320429858,5.569055252394028,5.930688973565293
Painted Bunting,6010,PABU,0.219191714,125,1.75,89.76084385595632,0.6270875592512518,1.2450699511487968,1.5946736388679261,0.407436998462562,0.7901447087964257,1.75,0.8877532366009904,2.2050401415151097,2.483843539627879
Painted Redstart,6880,NA,0.180954997,125,2,NA,NA,1.198361248228425,NA,0.407436998462562,NA,2,0.9765134201040773,0.9765134201040773,1
Palm Warbler,6720,PAWA,0.265520256,125,2,77.79649021609741,0.6410114480354451,1.3041092699921213,1.5600345408257115,0.407436998462562,1.0518661546749721,2,1.0626847332655855,3.281895067236954,3.088305463043426
Peregrine Falcon,3560,PEFA,0.242902263,300,1.25,200.01630092700717,0.3473808190878356,1.2749440088262056,2.878685134734365,0.07073559001086145,0.15912913694288233,1.25,0.11272989586891825,0.5726033512757306,5.079427660800387
Phainopepla,6200,PHAI,0.318642933,125,1.5,138.00661481095972,0.5073718086154053,1.3752601771992465,1.9709411974010829,0.407436998462562,0.3342571328068748,1.5,0.8404978180547282,0.988201730361352,1.1757338438408726
Philadelphia Vireo,6260,PHVI,0.179034235,125,2,68.61745359320825,0.6745307548787716,1.1960616906389574,1.4825120912088325,0.407436998462562,1.3521077287773116,2,0.9746395704199884,4.009032113058554,4.113348395377581
Pileated Woodpecker,4050,PIWO,0.531071086,300,2,110.83158716931865,0.34230401387066933,1.700752986106283,2.9213797077408037,0.07073559001086145,0.5182667947523136,2,0.24060753186992473,3.0281081947705544,12.585259369218688
Pine Grosbeak,5150,PIGR,0.194545309,125,2,77.33073467703778,0.4113997849326484,1.214758521132004,2.4307256265671437,0.407436998462562,1.0645748878253225,2,0.9898751314136888,5.1753789224737075,5.22831492400713
Pine Siskin,5330,PISI,0.320507011,100,1.5,61.587497633737364,0.4431640925442826,1.3778261602931363,2.2565005081048537,0.6366203100977529,1.6783996203345402,1.5,1.315728176139919,5.680964394131825,4.317734086077436
Pine Warbler,6710,PIWA,0.092765876,125,2,58.56720335466573,0.5544359038041964,1.0972048232125866,1.803634997550877,0.407436998462562,1.855972413733353,2,0.8940836797367645,6.694993599796903,7.48810626066683
Pinyon Jay,4920,PIJA,0.276028144,300,1.25,170.36424590982287,0.6699372839465274,1.317884954059517,1.4926770370341371,0.07073559001086145,0.2193428990773508,1.25,0.11652671223979622,0.4092601358615722,3.5121572384138857
Plain Chachalaca,3110,NA,0.498371083,300,2,NA,NA,1.6460378267411124,NA,0.07073559001086145,NA,2,0.23286691370945745,0.23286691370945745,1
Plumbeous Vireo,6292,PLVI,0.328010835,125,2,88.28045289393896,0.7067378326124505,1.3882040133984122,1.4149518447364116,0.407436998462562,0.8168670623061254,2,1.1312113529454624,2.3116551134289307,2.0435218470976393
Prairie Falcon,3550,PRFA,0.347099863,300,2,182.04614662651267,0.43877751963937495,1.4149580202680232,2.279059330163236,0.07073559001086145,0.19209564032025014,2,0.20017578080851817,0.8755947227110944,4.3741291737418555
Prairie Warbler,6730,PRAW,0.199783094,125,2,51.70349157836364,0.6012203629276148,1.2211378573038394,1.6632836504913875,0.407436998462562,2.381446037951597,2,0.9950734865777613,7.922040518904767,7.961261781931408
Prothonotary Warbler,6370,PROW,0.170661673,125,2,52.213050606349555,0.5408765841388185,1.186089395064336,1.8488506053413203,0.407436998462562,2.335190706575423,2,0.966513406066578,8.634837502878792,8.934006966359641
Purple Finch,5170,PUFI,0.208481863,125,2,79.85407031039563,0.3389882927677821,1.2318065885822416,2.949954382893784,0.407436998462562,0.9983581650012655,2,1.003767158276713,5.890222089086558,5.868115967451064
Purple Martin,6110,PUMA,0.24446211,200,1.25,71.12575559084874,0.36537808345827516,1.2769342782679027,2.7368910322564446,0.15915507752443822,1.2584231635392469,1.25,0.25403821756417577,4.305208838842938,16.94709119014876
Pygmy Nuthatch,7300,PYNU,0.462447564,125,1.75,60.9589323181922,0.5669674547872839,1.5879558560795664,1.7637696688872242,0.407436998462562,1.7131910075610954,1.75,1.1322359434611864,5.287930088256555,4.670342889920653
Pyrrhuloxia,5940,PYRR,0.172854465,200,1.75,103.54420290505874,0.6992039569545399,1.1886930960451694,1.4301978557953399,0.15915507752443822,0.593784574774173,1.75,0.3310764482442085,1.4861514948811474,4.488846919684643
Red Crossbill,5210,RECR,0.337778176,125,1.5,81.60867335637697,0.4200972735432784,1.4018295094845261,2.3804010713175456,0.407436998462562,0.9558898582952058,1.5,0.8567358115509314,3.413101864121227,3.98384404866018
Red-bellied Woodpecker,4090,RBWO,0.364972699,200,1.75,89.4343042718575,0.4345841728345654,1.4404746812131155,2.3010502050213257,0.15915507752443822,0.7959251428688172,1.75,0.4012030042308117,3.2050614980648597,7.988627862370121
Red-breasted Nuthatch,7280,RBNU,0.218424232,125,1.75,90.10697243704081,0.5167642080021068,1.2441147489696756,1.9351185405548117,0.407436998462562,0.7840859904366615,1.75,0.8870721633606147,2.6552738405957164,2.993300827450594
Red-breasted Sapsucker,4030,RBSA,0.221030989,125,1.5,69.69821797381205,0.12370394172934684,1.2473620844687745,8.08381678077737,0.407436998462562,1.310500349734211,1.5,0.7623321955379433,15.890767077594042,20.84493764084127
Red-cockaded Woodpecker,3950,RCWO,0.27959732,125,1.5,51.858563406893865,0.31064011485286236,1.322597121683739,3.2191592527373984,0.407436998462562,2.3672249327497275,1.5,0.8083125021510698,11.430711068357926,14.141450290498637
Red-eyed Vireo,6240,REVI,0.250511261,125,2,79.8617728703121,0.6745345941091797,1.2846820566492012,1.482503653234634,0.407436998462562,0.9981655937004597,2,1.046854002279723,2.959568278388098,2.827107000539786
Red-faced Warbler,6900,RFWA,0.148410299,125,2,63.739568852995276,0.7376363696641499,1.1599887409574439,1.3556815270040248,0.407436998462562,1.5669756464191005,2,0.9452446617321345,4.24863987423113,4.494751513799206
Red-headed Woodpecker,4060,RHWO,0.27695727,200,1.25,99.43007502246772,0.4486057022987662,1.3191100042602093,2.2291290433352797,0.15915507752443822,0.6439393362505819,1.25,0.26242881873911955,1.7942798457277684,6.837205815842435
Red-naped Sapsucker,4021,RNSA,0.203846865,125,2,89.14031982760835,0.42087826869451517,1.2261103786662944,2.375983923099216,0.407436998462562,0.8011837163107308,2,0.9991254649351805,3.807199258806359,3.81053170239571
Red-shouldered Hawk,3390,RSHA,0.310636921,200,2,118.20692118881158,0.3715825505835789,1.3642937848272338,2.6911920337203052,0.15915507752443822,0.45561150060575384,2,0.4342685661805753,2.4522760818031175,5.64691131888976
Red-tailed Hawk,3370,RTHA,0.437107989,300,1.25,153.90251735597286,0.5802113593452278,1.5482232591107943,1.7235098622138427,0.07073559001086145,0.2687751065322162,1.25,0.1368931071271761,0.5790456835323136,4.22991117437615
Red-winged Blackbird,4980,RWBL,0.294722634,200,1.25,106.86616145908903,0.6205151908168347,1.342753872760527,1.611564091901793,0.15915507752443822,0.557442490664644,1.25,0.2671326208943017,1.122942876569301,4.203690559430494
Ring-necked Pheasant,3091,RNEP,0.748822706,300,2,226.16530444252527,0.5167021492996182,2.114509151722961,1.9353509586818722,0.07073559001086145,0.12445963610586946,2,0.2991421048609796,0.4817461521093829,1.6104257618073021
Rock Pigeon,3131,ROPI,0.541589606,200,1,139.24532389779174,0.4149075963070914,1.7187368061818613,2.410175202624769,0.15915507752443822,0.3283365650011135,1,0.2735456896319795,0.7913486470806794,2.892930421039853
Rock Ptarmigan,3020,ROPT,0.516304491,125,2,NA,0.6205477031008841,1.6758231727923993,1.6114796574106847,0.407436998462562,NA,2,1.3655847269530852,1.3655847269530852,1
Rock Wren,7150,ROWR,0.245743709,200,2,157.6047627953251,0.7466060415964249,1.278571845089856,1.3393944654690408,0.15915507752443822,0.25629599187449775,2,0.4069824022516801,0.6865628660772011,1.686959589109278
Rose-breasted Grosbeak,5950,RBGR,0.152079089,200,2,99.55842997458967,0.48434168233838715,1.1642523123420994,2.0646581462326967,0.15915507752443822,0.6422800187433669,2,0.37059333405762657,2.6521773457219635,7.156570563974459
Rough-legged Hawk,3470,NA,0.429513809,300,2,NA,NA,1.5365103044359727,NA,0.07073559001086145,NA,2,0.21737192588409376,0.21737192588409376,1
Ruby-crowned Kinglet,7490,RCKI,0.135844836,125,2,92.75051684998516,0.6699327946604541,1.1455041388004532,1.4926870396109446,0.407436998462562,0.7400274220795572,2,0.9334415360785973,2.2092586837897064,2.366788490118875
Ruby-throated Hummingbird,4280,RTHU,0.296114683,50,2,35.049404164929676,0.1958880027233577,1.3446243535447504,5.104957864174292,2.5464812403910115,5.1822601516715645,2,6.848121383349196,52.91043943094562,7.7262706761586095
Ruffed Grouse,3000,RUGR,0.338156837,200,2,107.51884273617983,0.5029957987063595,1.4023604281611717,1.988088176028252,0.15915507752443822,0.5506952458910657,2,0.4463855653223913,2.189661413901997,4.905314114090062
Rufous Hummingbird,4330,RUHU,0.310051644,50,1.5,25.28621069045783,0.3174615542709792,1.3634955286770007,3.1499877277940205,2.5464812403910115,9.956644139608176,1.5,5.208173677699509,47.04496027466702,9.032909266468076
Rufous-crowned Sparrow,5800,RCSP,0.35990617,200,2,83.26653332724233,0.6492115703648973,1.4331949315707402,1.5403299103833559,0.15915507752443822,0.9182047224819896,2,0.4562005008835462,2.828676395788514,6.200511376708434
Rufous-winged Sparrow,5790,RWSP,0.332798461,200,1.75,50.293511816245896,0.4468014102530471,1.3948661502105384,2.238130804989285,0.15915507752443822,2.5168455543180857,1.75,0.3885000529777026,9.85780174140937,25.374003596275298
Rusty Blackbird,5090,RUBL,0.355534902,125,1.75,79.304104560892,0.3158643068329471,1.426943725231711,3.165916434264526,0.407436998462562,1.0122531997247521,1.75,1.0174319196709414,5.608240821129527,5.512153405746646
Sage Thrasher,7020,SATH,0.1967526,200,2,174.20965479620148,0.8570014256226041,1.2174428080942483,1.166859202449411,0.15915507752443822,0.20976646013991176,2,0.3875244090076197,0.48953584875898726,1.2632387467220465
Sagebrush Sparrow,5738,SABS,0.358413472,200,2,108.06234664465333,0.8011538441645871,1.431057200253337,1.2481997150531832,0.15915507752443822,0.5451696887568835,2,0.45552003929645074,1.3609613003239491,2.9877089544204236
Saltmarsh Sparrow,5490,NA,0.457471505,125,1.25,NA,NA,1.5800737212984062,NA,0.407436998462562,NA,1.25,0.8047256179442417,0.8047256179442417,1
Savannah Sparrow,5420,SAVS,0.357062427,125,2,89.90525210151485,0.6205940292801109,1.4291250830607518,1.611359363479536,0.407436998462562,0.7876084437734517,2,1.1645568685396646,2.5382404812597943,2.1795762403966643
Say's Phoebe,4570,SAPH,0.942517033,200,2,158.72682468910264,0.5612577393067515,2.566433092170384,1.7817126249967967,0.15915507752443822,0.25268521599866023,2,0.8169217154913224,0.900424878989711,1.102216848830083
Scaled Quail,2930,SCQU,0.533186089,200,1.75,213.83232193063645,0.6365581551450334,1.7043538903935334,1.5709483759141534,0.15915507752443822,0.1392303087272937,1.75,0.47469900722065617,0.38276634790304437,0.8063348397211237
Scarlet Tanager,6080,SCTA,0.101735649,200,2,65.44333523350426,0.5182041124465804,1.1070907724891714,1.929741536165609,0.15915507752443822,1.4864477256777544,2,0.35239823544420856,5.736919835158531,16.27964972051285
Scissor-tailed Flycatcher,4430,STFL,0.27142701,200,2,102.54726145007446,0.23378340682839505,1.311835117516746,4.277463544425263,0.15915507752443822,0.6053859757621585,2,0.4175704396553165,5.179032883257897,12.402776613049836
Scott's Oriole,5040,SCOR,0.238065553,125,1.75,125.1119590321631,0.5430929376847884,1.2687923632446336,1.8413054757497158,0.407436998462562,0.4067081178336711,1.75,0.9046676662670747,1.3105292976982488,1.448630637044738
Seaside Sparrow,5500,NA,0.457471505,125,1.25,NA,NA,1.5800737212984062,NA,0.407436998462562,NA,1.25,0.8047256179442417,0.8047256179442417,1
Sedge Wren,7240,SEWR,0.459508553,125,2,95.43259190955733,0.5199224192780669,1.5832956878483415,1.9233638768425105,0.407436998462562,0.6990158949751973,2,1.2901864854712914,2.6889238434680656,2.084135800326439
Sharp-shinned Hawk,3320,SSHA,0.19572212,125,2,72.54764115762431,0.3149724800728132,1.2161889038019698,3.1748805475603037,0.407436998462562,1.2095780507641596,2,0.9910407130570962,7.68053164825408,7.749965815795488
Sharp-tailed Grouse,3080,STGR,0.307188253,200,2,200.35514313827372,0.2594847196031771,1.3595968921757275,3.8537914738458308,0.15915507752443822,0.1585913511580143,2,0.4327734975524264,1.222355993836891,2.8244705388615308
Short-eared Owl,3670,SEOW,0.381400506,200,1.75,206.74974984302298,0.43840051077755327,1.4643339625201133,2.2810192402066,0.15915507752443822,0.14893285137068793,1.75,0.4078483243214738,0.5945077240818959,1.4576686690351426
Smith's Longspur,5370,NA,0.479198426,200,1.5,NA,NA,1.6147795180121087,NA,0.15915507752443822,NA,1.5,0.38550053906113824,0.38550053906113824,1
Snow Bunting,5340,SNBU,0.477568371,200,1.75,NA,0.7546799770191699,1.612149482718317,1.3250649685311562,0.15915507752443822,NA,1.75,0.44901810783027923,0.44901810783027923,1
Song Sparrow,5810,SOSP,0.377871011,125,2,84.01267715664251,0.5664055716562049,1.4591747132491946,1.7655193558141355,0.407436998462562,0.9019674007712171,2,1.1890435307974427,3.184881808749899,2.6785241467265117
Sooty Grouse,2971,SOGR,0.516304491,200,2,108.15992678754677,0.5760933457376556,1.6758231727923993,1.7358298050111227,0.15915507752443822,0.5441864458749907,2,0.5334315339660487,1.8892301044657618,3.5416543345673404
Spotted Owl,3690,NA,2.740272194,200,2,NA,NA,15.491201134525369,NA,0.15915507752443822,NA,2,4.931006635024101,4.931006635024101,1
Spotted Towhee,5880,SPTO,0.808232166,125,2,74.7739106087525,0.7271639061089972,2.2439375690624206,1.3752057708019771,0.407436998462562,1.1386239140883352,2,1.8285263757523411,3.1316843548548263,1.7126820790683455
Sprague's Pipit,7000,SPPI,0.329678876,200,2,125.43645357149929,0.8843399592504874,1.3905215269255695,1.1307868535619934,0.15915507752443822,0.40460659382653313,2,0.44261712283447846,0.9150476343270817,2.067357061261441
Spruce Grouse,2980,SPGR,0.516304491,50,2,76.20878169340338,0.5890532186902038,1.6758231727923993,1.6976394802214336,2.5464812403910115,1.096151170832055,2,8.53490454345678,3.721739007790892,0.4360609997266033
Steller's Jay,4780,STJA,0.183671434,200,1.25,99.58656464689642,0.5493181243187801,1.2016209464404441,1.8204387507514321,0.15915507752443822,0.6419171628631147,1.25,0.23905509360714716,1.4607135975605403,6.110363830862412
Sulphur-bellied Flycatcher,4510,NA,0.309093639,200,1.75,NA,NA,1.36218991863338,NA,0.15915507752443822,NA,1.75,0.3793990236804316,0.3793990236804316,1
Summer Tanager,6100,SUTA,0.278798745,125,2,57.88997639925081,0.5602398782037925,1.3215413502997144,1.7849496954878328,0.407436998462562,1.8996506684059766,2,1.0768896822205536,6.781561764209012,6.297359772474917
Swainson's Hawk,3420,SWHA,0.14557514,300,1.5,238.96696848515367,0.5079499940502921,1.1567046461039905,1.9686977295268757,0.07073559001086145,0.11148199743955514,1.5,0.1227302784157057,0.32921153286355975,2.6823986477768047
Swainson's Thrush,7580,SWTH,0.516449016,200,2,84.52097031567799,0.653862392443094,1.6760653886391481,1.5293737819414819,0.15915507752443822,0.8911514979194554,2,0.5335086337297826,2.725807473311788,5.109209675306558
Swainson's Warbler,6380,SWWA,0.334319283,200,2,59.75179394173461,0.5170857284055825,1.3969891072495368,1.9339152969536952,0.15915507752443822,1.7831118751509925,2,0.44467581933019157,6.896774663068584,15.509668759270722
Swallow-tailed Kite,3270,NA,0.640378832,300,1.25,NA,NA,1.8971994630520854,NA,0.07073559001086145,NA,1.25,0.1677494042340985,0.1677494042340985,1
Swamp Sparrow,5840,SWSP,0.505455805,125,2,92.47971563494961,0.5154995137514395,1.6577409548983224,1.9398660392959632,0.407436998462562,0.744367697827266,2,1.3508499977844677,2.8879472355280655,2.1378741090902724
Tennessee Warbler,6470,TEWA,0.19793209,125,2,72.19879911914803,0.7145768493337333,1.2188796168962006,1.399429607791511,0.407436998462562,1.2212948950165985,2,0.9932333051907709,3.418232471861706,3.4415201886581563
Thick-billed Kingbird,4451,NA,0.287611169,200,2,NA,NA,1.3332387987490792,NA,0.15915507752443822,NA,2,0.4243834487469972,0.4243834487469972,1
Townsend's Solitaire,7540,TOSO,0.117084632,200,2,108.75681234519104,0.5539942711954586,1.124214570192019,1.8050728175259108,0.15915507752443822,0.5382295649546393,2,0.35784891414602754,1.9430871145768318,5.429909209627825
Townsend's Warbler,6680,TOWA,0.194158878,100,2,59.70567911219824,0.8136157693353596,1.2142891914695302,1.229081389138877,0.6366203100977529,1.7858673803739493,2,1.5460823232433638,4.389952721375642,2.8394042512344497
Tree Swallow,6140,TRES,0.136023938,200,1.75,87.05762191364869,0.47458182611780475,1.145709319256287,2.1071181932528775,0.15915507752443822,0.8399760250359355,1.75,0.319104547171735,3.097375337436545,9.706459418673235
Tricolored Blackbird,5000,TRBL,0.294323111,200,1,116.33121543965477,NA,1.3422175188550152,NA,0.15915507752443822,0.47042236230843265,1,0.21362073326802905,0.21362073326802905,1
Tufted Titmouse,7310,TUTI,0.165596732,200,1.25,63.19423609060018,0.5389996252355804,1.1800971103521851,1.8552888595477786,0.15915507752443822,1.5941366741305645,1.25,0.23477305885558444,3.6969800151387298,15.747036875354794
Turkey Vulture,3250,TUVU,1.094905764,400,1.75,172.19478513718605,0.28439753098934006,2.9889010080461986,3.516204928085267,0.039788769381109555,0.21470418022619997,1.75,0.20811821259620314,1.3211518190357754,6.348083632637724
Varied Bunting,6000,NA,0.342755297,125,1.75,NA,NA,1.4088239762896615,NA,0.407436998462562,NA,1.75,1.0045122714577148,1.0045122714577148,1
Varied Thrush,7630,VATH,0.836969707,200,2,106.73064128682694,0.6633813039750498,2.309358330634775,1.5074286748931511,0.15915507752443822,0.5588590035332566,2,0.7350922082877698,1.6848801742964876,2.292066430986982
Vaux's Swift,4240,VASW,0.81044058,200,1.75,64.38458568121268,0.19549474625675245,2.2488985881808228,5.115226977438324,0.15915507752443822,1.535736403942159,1.75,0.6263663510064075,13.74737049643834,21.947811331738844
Veery,7560,VEER,0.483652865,200,2,102.22881745103716,0.5391134054757547,1.6219884989363704,1.8548972996090198,0.15915507752443822,0.6091634192324836,2,0.5162954105839305,2.2598711627098624,4.377089387941579
Verdin,7460,VERD,0.216241891,125,1.5,64.57466908605994,0.4749525535134369,1.2414026268083878,2.1054734680391793,0.407436998462562,1.5267084565866118,1.5,0.7586900402255242,4.821666223161235,6.355251772816171
Vermilion Flycatcher,4710,NA,0.309093639,125,2,NA,NA,1.36218991863338,NA,0.407436998462562,NA,2,1.1100131435678917,1.1100131435678917,1
Vesper Sparrow,5400,VESP,0.395480333,200,2,116.58662500383717,0.7198562817800082,1.4850973608983171,1.3891661784589457,0.15915507752443822,0.46836348527764904,2,0.4727215712102205,1.301269425945729,2.7527185243828254
Violet-green Swallow,6150,VGSW,0.195622727,200,1.5,75.7867056309589,0.45089064004623625,1.2160680291454011,2.2178326875391687,0.15915507752443822,1.108394677166409,1.5,0.29031510218044065,3.6873509185711297,12.70120255845084
Virginia's Warbler,6440,VIWA,0.123544103,125,2,70.28806000949693,0.716009955838626,1.1314999059820225,1.3966286248474729,0.407436998462562,1.2885977728251732,2,0.9220298509079727,3.5993850708846757,3.9037619740187006
Warbling Vireo,6270,WAVI,0.230417562,125,2,80.57067358435496,0.7189357339503063,1.259125663205603,1.3909449103403744,0.407436998462562,0.9806781541220764,2,1.0260287618073471,2.7281385743161906,2.6589299207466475
Western Bluebird,7670,WEBL,0.696104544,125,2,64.96276005957895,0.4713495291001395,2.0059234815067026,2.121567835039774,0.407436998462562,1.5085216691978331,2,1.6345748849013269,6.400862103661266,3.9159185441954607
Western Kingbird,4470,WEKI,0.592717171,200,2,94.92522014840955,0.5155320170438384,1.8088968258799143,1.939743734509829,0.15915507752443822,0.7065082926721994,2,0.575790229113256,2.7408900681802706,4.760223306326977
Western Meadowlark,5011,WEME,0.27317075,200,1.5,171.90815790839468,0.863217620060022,1.3141246124463837,1.1584564271642963,0.15915507752443822,0.21542074154200405,1.5,0.31372440685601477,0.37433331387575,1.1931915582441501
Western Screech-Owl,3732,NA,2.687968772,125,2,NA,NA,14.7017828978762,NA,0.407436998462562,NA,2,11.980100591917811,11.980100591917811,1
Western Scrub-Jay,4810,NA,0.162746284,200,1.25,NA,NA,1.1767380945284927,NA,0.15915507752443822,NA,1.25,0.23410480332580247,0.23410480332580247,1
Western Tanager,6070,WETA,0.447457356,200,2,87.91619643786976,0.7061088512973062,1.5643295912269444,1.4162122428613366,0.15915507752443822,0.8236500106023162,2,0.49794199473099415,2.33292645769574,4.685136988608622
Western Wood-Pewee,4620,WEWP,0.114093527,200,2,94.14430260393586,0.7304420447118454,1.1208569503700672,1.3690340078855858,0.15915507752443822,0.7182777350355376,2,0.3567801496599069,1.9666932927413658,5.512339446620207
White-breasted Nuthatch,7270,WBNU,0.300171347,125,1.5,65.55807068108216,0.43578449689532317,1.3500901216500252,2.294712196336354,0.407436998462562,1.4812493114430327,1.5,0.8251150002285622,5.098561291174731,6.179212945786219
White-crowned Sparrow,5540,WCSP,0.735826366,200,2,99.76813716986577,0.6044503872272122,2.0872060761811997,1.6543954990041243,0.15915507752443822,0.6395827811517888,2,0.6643788897281947,2.1162457487561186,3.1852995052595663
White-eyed Vireo,6310,WEVI,0.345526823,125,2,53.324005420080894,0.6212014836158051,1.412733984411109,1.60978366339265,0.407436998462562,2.2389013696165425,2,1.1512001884690362,7.208293697512279,6.261546662095739
White-headed Woodpecker,3990,WHWO,0.27959732,125,2,89.7833021310839,0.43064903954678224,1.322597121683739,2.322076466378298,0.407436998462562,0.7897494667536763,2,1.077750002868093,3.667717302167043,3.403124372448681
White-tailed Kite,3280,WTKI,0.393264523,300,1.5,171.52813344015183,NA,1.4818103103996483,NA,0.07073559001086145,0.2163763380165905,1.5,0.15722508988544528,0.15722508988544528,1
White-throated Sparrow,5580,WTSP,0.810191169,200,2,124.94544438161154,0.5668476814348156,2.248337758076552,1.7641423485561079,0.15915507752443822,0.40779287906753603,2,0.7156687403755905,1.4388093748053197,2.010440436521256
White-throated Swift,4250,WTSW,1.44612641,200,1.25,129.50886480879177,0.6567728853137386,4.246632899533228,1.522596353109649,0.15915507752443822,0.3795609251369551,1.25,0.844841485428801,0.7223976004955655,0.8550688063440813
White-winged Crossbill,5220,WWCR,0.315993228,125,1.25,86.29982424285096,0.33754858980890834,1.371620966977403,2.962536447170809,0.407436998462562,0.8547924298224145,1.25,0.6985614122669874,3.1654421601432485,4.53137276774376
White-winged Dove,3190,WWDO,0.154560911,200,1.5,140.26979122413374,0.6291605014362464,1.1671453678838994,1.5894195482984104,0.15915507752443822,0.32355803453875936,1.5,0.27863566726177647,0.7714041976573746,2.7685048552403924
Wild Turkey,3100,WITU,0.501379602,300,1.75,135.30318356671685,0.4765173378533597,1.6509974195913935,2.098559528819775,0.07073559001086145,0.34774785451247064,1.75,0.20437248401711228,1.2770967539991116,6.24886838431821
Williamson's Sapsucker,4040,WISA,0.129722328,125,1.5,83.23739124367064,0.45568597273558675,1.1385122064685287,2.194493708017326,0.407436998462562,0.918847776823902,1.5,0.6958079941747889,3.0246084972986416,4.3469010454324435
Willow Flycatcher,4660,WIFL,0.192252001,125,2,94.23219751884155,0.6125366722002037,1.211975897623346,1.632555315272873,0.407436998462562,0.7169384153872056,2,0.9876076438732507,2.340883241527387,2.3702563017300977
Willow Ptarmigan,3010,WIPT,0.516304491,125,2,144.99044650312072,0.20217145633339428,1.6758231727923993,4.946296663911512,0.407436998462562,0.3028319654490825,2,1.3655847269530852,2.9957934808531257,2.193780745876815
Wilson's Warbler,6850,WIWA,0.150728497,100,2,57.88041545841752,0.5953240628662153,1.1626809438607795,1.6797574000040476,0.6366203100977529,1.9002783054945178,2,1.480372606050795,6.384013091443137,4.312436656386012
Winter Wren,7222,WIWR,0.450595909,200,1.75,112.63603286014508,0.6180928831086526,1.5692470353513708,1.617879816008516,0.15915507752443822,0.5017943859405477,1.75,0.43706885874109896,1.4207252653992992,3.250575365839268
Wood Thrush,7550,WOTH,0.841982739,200,2,92.81549111164298,0.5864406097667156,2.320964284048376,1.705202510443124,0.15915507752443822,0.7389916918380254,2,0.7387865011183431,2.520260976237625,3.411352227500858
Worm-eating Warbler,6390,WEWA,0.308009094,125,2,43.33949593910025,0.5595130384369174,1.3607133632082091,1.7872684482807555,0.407436998462562,3.3893215887083006,2,1.1088099369469013,12.1152550731503,10.926358674697262
Wrentit,7420,WREN,0.568239126,200,2,97.8188527405069,0.49527575902355137,1.7651560957621266,2.01907721462388,0.15915507752443822,0.6653273244606221,2,0.5618671105275119,2.6866944821702226,4.78172584198389
Yellow Warbler,6520,YEWA,0.100828316,125,2,80.00684716662998,0.6190792093498259,1.106086728067497,1.6153021857255192,0.407436998462562,0.9945489811771994,2,0.901321313046194,3.212994286213237,3.5647601357104115
Yellow-bellied Flycatcher,4630,YBFL,0.180646794,125,2,82.06562496382121,0.6100116400635279,1.197991966606412,1.6393129808078053,0.407436998462562,0.9452744674564567,2,0.9762125021127567,3.0992014098551097,3.17472005649149
Yellow-bellied Sapsucker,4020,YBSA,0.505398175,125,1.5,103.8855700645593,0.3505880561594955,1.6576454220398973,2.8523504507097726,0.407436998462562,0.5898886434990184,1.5,1.0130791129067138,2.523853707229502,2.4912701042548324
Yellow-billed Cuckoo,3870,YBCU,0.322683865,200,2,80.38952187353024,0.3835420373838003,1.3808287535994024,2.6072761328097305,0.15915507752443822,0.9851029021087419,2,0.43953181465417257,5.136870570059446,11.687141632969572
Yellow-billed Magpie,4760,YBMA,0.23569267,300,1.5,78.61390598116036,NA,1.2657852366061872,NA,0.07073559001086145,1.030105580180762,1.5,0.1343040983075648,0.1343040983075648,1
Yellow-breasted Chat,6830,YBCH,0.530142376,200,2,75.02973150591293,0.6259062692836885,1.6991742130252048,1.5976833099058727,0.15915507752443822,1.130872661199393,2,0.5408644072031056,3.613552752854217,6.681069607705309
Yellow-eyed Junco,5700,NA,0.54144219,125,1.5,NA,NA,1.7184834555512685,NA,0.407436998462562,NA,1.5,1.0502606115560704,1.0502606115560704,1
Yellow-headed Blackbird,4970,YHBL,0.352608969,200,1,91.68926441976885,0.6444638028645067,1.4227746856364687,1.5516775272020078,0.15915507752443822,0.7572573766395494,1,0.2264418153922804,1.1750192536395354,5.189055968324448
Yellow-rumped Warbler,6550,YRWA,0.260143255,125,2,67.13739481047651,0.6269749178756142,1.297115891693769,1.594960135547863,0.407436998462562,1.4123798725580199,2,1.056986011139598,4.505379185960426,4.262477590505588
Yellow-throated Vireo,6280,YTVI,0.234056711,125,2,65.01034733617807,0.48695984500951517,1.263716156782641,2.0535574139187185,0.407436998462562,1.5063140155797148,2,1.0297694356563272,6.186604628766799,6.00775709061878
Yellow-throated Warbler,6630,YTWA,0.10886397,125,2,51.797180882790315,0.4901015877110644,1.1150106651240348,2.0403933083961814,0.407436998462562,2.372838842116277,2,0.9085931973037632,9.68304899071319,10.657188518962604
Zone-tailed Hawk,3400,NA,0.429513809,300,2,NA,NA,1.5365103044359727,NA,0.07073559001086145,NA,2,0.21737192588409376,0.21737192588409376,1
California Scrub-Jay,NA,CASJ,0.162746,200,1.25,90.85760016867604,0.4817675446595132,1.1767377603349212,2.0756898447917345,0.15915507752443822,0.7711839221023822,1.25,0.23410473684004773,2.0009232944682185,8.54712861207653
Woodhouse's Scrub-Jay,NA,WOSJ,0.162746,200,1.25,112.56260910926544,0.4824253179712218,1.1767377603349212,2.0728597002441176,0.15915507752443822,0.5024492329219573,1.25,0.23410473684004773,1.301883457928119,5.561115402878977
American Bittern,NA,NA,0.527650945,200,2,NA,NA,1.6949461069208511,NA,0.15915507752443822,NA,2,0.5395185580934656,0.5395185580934656,1
American Coot,NA,NA,0.091181,200,1.5,NA,NA,1.0954672668905536,NA,0.15915507752443822,NA,1.5,0.2615237666811758,0.2615237666811758,1
American White Pelican,NA,NA,0.084189689,400,1,NA,NA,1.0878352246147873,NA,0.039788769381109555,NA,1,0.043283624876845284,0.043283624876845284,1
Black Tern,NA,NA,0.055300719,200,1.5,NA,NA,1.0568583842898844,NA,0.15915507752443822,NA,1.5,0.2523065671260136,0.2523065671260136,1
Black-crowned Night-Heron,NA,NA,0.271239784,200,1.5,NA,NA,1.3115895308658543,NA,0.15915507752443822,NA,1.5,0.31311920019779493,0.31311920019779493,1
Bonaparte's Gull,NA,NA,0.050057063,200,1.5,NA,NA,1.0513310867701962,NA,0.15915507752443822,NA,1.5,0.2509870209281437,0.2509870209281437,1
California Gull,NA,NA,0.16502702,400,1.5,NA,NA,1.1794249863439878,NA,0.039788769381109555,NA,1.5,0.07039180317593882,0.07039180317593882,1
Caspian Tern,NA,NA,0.163403021,300,1.5,NA,NA,1.1775111557956623,NA,0.07073559001086145,NA,1.5,0.12493791952436635,0.12493791952436635,1
Cattle Egret,NA,NA,0.201800416,400,1.5,NA,NA,1.2236037720041275,NA,0.039788769381109555,NA,1.5,0.073028532447191985,0.073028532447191985,1
Clapper Rail,NA,NA,0.309266965,125,2,NA,NA,1.3624260420257874,NA,0.407436998462562,NA,2,1.1102055543804303,1.1102055543804303,1
Clark's Grebe,NA,NA,0.327301587,200,1.5,NA,NA,1.3872197815518101,NA,0.15915507752443822,NA,1.5,0.3311746078144689,0.3311746078144689,1
Common Gallinule,NA,NA,0.332267887,125,1.5,NA,NA,1.3941262667965648,NA,0.407436998462562,NA,1.5,0.8520279324321138,0.8520279324321138,1
Common Loon,NA,NA,0.240477867,400,1.5,NA,NA,1.2718567835114831,NA,0.039788769381109555,NA,1.5,0.07590842436740729,0.07590842436740729,1
Common Tern,NA,NA,0.320800777,300,1.5,NA,NA,1.3782309782309028,NA,0.07073559001086145,NA,1.5,0.14623497212461448,0.14623497212461448,1
Double-crested Cormorant,NA,NA,0.103993752,400,1,NA,NA,1.1095935221535982,NA,0.039788769381109555,NA,1,0.044149360759742594,0.044149360759742594,1
Eared Grebe,NA,NA,0.294673952,200,1.5,NA,NA,1.3426885064075886,NA,0.15915507752443822,NA,1.5,0.3205435399927079,0.3205435399927079,1
Forster's Tern,NA,NA,0.202232424,300,1.5,NA,NA,1.2241324928200517,NA,0.07073559001086145,NA,1.5,0.12988460119663947,0.12988460119663947,1
Franklin's Gull,NA,NA,0.091120732,400,1.5,NA,NA,1.0954012472587682,NA,0.039788769381109555,NA,1.5,0.06537700141043834,0.06537700141043834,1
Glaucous-winged Gull,NA,NA,0.322673266,400,1.5,NA,NA,1.380814118273003,NA,0.039788769381109555,NA,1.5,0.08241134176521697,0.08241134176521697,1
Glossy Ibis,NA,NA,0.352951887,400,1.5,NA,NA,1.4232626643496782,NA,0.039788769381109555,NA,1.5,0.08494480488082931,0.08494480488082931,1
Great Black-backed Gull,NA,NA,0.030213943,400,1.5,NA,NA,1.0306750160723364,NA,0.039788769381109555,NA,1.5,0.06151393578206037,0.06151393578206037,1
Great Blue Heron,NA,NA,0.071842395,400,1.5,NA,NA,1.0744859863544738,NA,0.039788769381109555,NA,1.5,0.06412871267143828,0.06412871267143828,1
Great Egret,NA,NA,0.175690938,400,1.5,NA,NA,1.1920695783039563,NA,0.039788769381109555,NA,1.5,0.07114647230605896,0.07114647230605896,1
Green Heron,NA,NA,0.098627595,200,1.5,NA,NA,1.1036552162980764,NA,0.15915507752443822,NA,1.5,0.2634784972652565,0.2634784972652565,1
Horned Grebe,NA,NA,0.09042579,200,1.5,NA,NA,1.0946402713728736,NA,0.15915507752443822,NA,1.5,0.2613263358775827,0.2613263358775827,1
King Rail,NA,NA,0.283911869,125,2,NA,NA,1.3283158597890408,NA,0.407436998462562,NA,2,1.0824100538453283,1.0824100538453283,1
Laughing Gull,NA,NA,0.21459953,400,1.5,NA,NA,1.239365468881096,NA,0.039788769381109555,NA,1.5,0.07396924023033095,0.07396924023033095,1
Least Bittern,NA,NA,0.290920543,125,2,NA,NA,1.3376582934123078,NA,0.407436998462562,NA,2,1.0900229600729274,1.0900229600729274,1
Least Tern,NA,NA,0.191317513,300,1.5,NA,NA,1.210843849715702,NA,0.07073559001086145,NA,1.5,0.12847463118099453,0.12847463118099453,1
Little Blue Heron,NA,NA,0.342808263,400,1.5,NA,NA,1.4088985980365798,NA,0.039788769381109555,NA,1.5,0.08408751209796907,0.08408751209796907,1
Mew Gull,NA,NA,0.441761548,400,1.5,NA,NA,1.555444797286995,NA,0.039788769381109555,NA,1.5,0.0928338514864484,0.0928338514864484,1
Pied-billed Grebe,NA,NA,0.282039569,200,1.5,NA,NA,1.3258311807628664,NA,0.15915507752443822,NA,1.5,0.3165191465379472,0.3165191465379472,1
Purple Gallinule,NA,NA,0.332267887,125,1.5,NA,NA,1.3941262667965648,NA,0.407436998462562,NA,1.5,0.8520279324321138,0.8520279324321138,1
Red-necked Grebe,NA,NA,0.202501856,200,1.5,NA,NA,1.2244623577219418,NA,0.15915507752443822,NA,1.5,0.29231910220348806,0.29231910220348806,1
Red-throated Loon,NA,NA,0.244497532,400,1.5,NA,NA,1.2769795106350132,NA,0.039788769381109555,NA,1.5,0.07621416487958801,0.07621416487958801,1
Ring-billed Gull,NA,NA,0.157577311,400,1.5,NA,NA,1.1706712602490394,NA,0.039788769381109555,NA,1.5,0.06986935319271287,0.06986935319271287,1
Royal Tern,NA,NA,0.194921686,300,1.5,NA,NA,1.2152158143518388,NA,0.07073559001086145,NA,1.5,0.12893851142806018,0.12893851142806018,1
Snowy Egret,NA,NA,0.210499937,400,1.5,NA,NA,1.234294975461598,NA,0.039788769381109555,NA,1.5,0.0736666171903557,0.0736666171903557,1
Sora,NA,NA,0.288164849,200,2,NA,NA,1.3339771908047637,NA,0.15915507752443822,NA,2,0.424618486436729,0.424618486436729,1
Tricolored Heron,NA,NA,0.26703882,400,1.5,NA,NA,1.3060911478048902,NA,0.039788769381109555,NA,1.5,0.07795163920607617,0.07795163920607617,1
Virginia Rail,NA,NA,0.252412972,125,2,NA,NA,1.2871274751504764,NA,0.407436998462562,NA,2,1.048846710228012,1.048846710228012,1
Western Grebe,NA,NA,0.327301587,200,1.5,NA,NA,1.3872197815518101,NA,0.15915507752443822,NA,1.5,0.3311746078144689,0.3311746078144689,1
Western Gull,NA,NA,0.256373679,400,1.5,NA,NA,1.2922355190061514,NA,0.039788769381109555,NA,1.5,0.07712469157772125,0.07712469157772125,1
White Ibis,NA,NA,0.488264444,400,1.5,NA,NA,1.629485700718757,NA,0.039788769381109555,NA,1.5,0.0972528461335715,0.0972528461335715,1
White-faced Ibis,NA,NA,0.379365235,400,1.5,NA,NA,1.4613566768911717,NA,0.039788769381109555,NA,1.5,0.08721837570055119,0.08721837570055119,1
Yellow-crowned Night-Heron,NA,NA,0.179941759,200,1.5,NA,NA,1.1971476380158144,NA,0.15915507752443822,NA,1.5,0.28579818770490756,0.28579818770490756,1
Cinnamon Teal,NA,NA,0.027890615,200,1.5,NA,NA,1.0282831995116777,NA,0.15915507752443822,NA,1.5,0.24548473850303767,0.24548473850303767,1
Greater Scaup,NA,NA,0.141999695,200,1.5,NA,NA,1.1525762970011808,NA,0.15915507752443822,NA,1.5,0.2751575548530793,0.2751575548530793,1
Lesser Scaup,NA,NA,0.066772453,200,1.5,NA,NA,1.069052190877125,NA,0.15915507752443822,NA,1.5,0.25521762647507906,0.25521762647507906,1
Mottled Duck,NA,NA,0.185317762,200,1.5,NA,NA,1.2036008379782024,NA,0.15915507752443822,NA,1.5,0.28733877701534943,0.28733877701534943,1
Ruddy Duck,NA,NA,0.155034166,200,1.5,NA,NA,1.1676978559885447,NA,0.15915507752443822,NA,1.5,0.27876756419246573,0.27876756419246573,1
Wood Duck,NA,NA,0.255417551,125,1.5,NA,NA,1.291000566924048,NA,0.407436998462562,NA,1.5,0.7890020940015,0.7890020940015,1
