cn,TimeAdj.meanlog,TimeAdj.sdlog,Dist2,Pair2,Aou,Dist.Lower,Dist.Upper,Species,edr,edr_sd,EDR_model,use_edr,cue_rate,cue_rate_sd,use_cue_rate
Abert's Towhee,0.926068294,0.03279521,125,2,5920,105,138,NA,NA,NA,NA,FALSE,NA,NA,FALSE
Acadian Flycatcher,0.219216886,0.007581933,125,2,4650,105,138,ACFL,42.77819502676265,0.13826538906393893,6,TRUE,0.35381262592525303,0.0045598398559272835,TRUE
Acorn Woodpecker,0.261513967,0.032915038,200,1.75,4070,140,220,ACWO,102.54309305532647,2.1822960503106117,3,TRUE,0.19824363681887497,0.009987248241052654,TRUE
Alder Flycatcher,0.279321986,0.014289896,125,2,4661,105,138,ALFL,101.3072364951446,1.0003796001530247,7,TRUE,0.3118788468045271,0.0063841582306859435,TRUE
Allen's Hummingbird,0.291735312,0.022923659,50,1.25,4340,26,55,ALHU,31.920461218635108,0.35468226274132064,3,TRUE,0.1507774180147394,0.041468226810469466,TRUE
Altamira Oriole,0.134838091,0.034837138,125,1.75,5031,105,138,NA,NA,NA,NA,FALSE,NA,NA,FALSE
American Crow,0.509424135,0.035825627,400,1.75,4880,320,440,AMCR,175.1593229281661,0.7303344266535987,9,TRUE,0.25310507388677284,0.0020640614010891123,TRUE
American Dipper,0.120627704,0.002232302,125,1.75,7010,105,138,AMDI,52.340133040570365,1.6361888899991754,7,TRUE,0.05994149499380203,NA,TRUE
American Goldfinch,0.311311237,0.018869851,125,1.25,5290,105,138,AMGO,77.51201946912836,0.2593656975561913,3,TRUE,0.11136743089173742,0.002945907823296956,TRUE
American Kestrel,0.290453514,0.006693885,200,1.25,3600,140,220,AMKE,118.00872751651457,3.045421233573279,1,TRUE,0.101722409826991,0.009496945826605832,TRUE
American Pipit,0.331264898,0.018339887,200,2,6970,140,220,AMPI,69.56056228002547,3.7204047421552247,7,TRUE,0.19969018407849645,0.01862708631619822,TRUE
American Redstart,0.081164913,0.00961596,100,2,6870,84,110,AMRE,66.98753550383428,0.49133658907541644,7,TRUE,0.30445222464298927,0.0034871425651796795,TRUE
American Robin,0.816820459,0.040591642,200,2,7610,140,220,AMRO,94.31916028561034,0.26125164678286694,9,TRUE,0.2533334884172735,0.002238510093364343,TRUE
American Three-toed Woodpecker,0.231914705,0.005639455,125,1.5,4010,105,138,ATTW,61.058705803796485,3.7709696044096717,2,TRUE,0.23999389931827828,0.015539098453610928,TRUE
American Tree Sparrow,0.48677923,0.263794299,200,2,5590,140,220,ATSP,49.717546694182,7.195197508669246,5,TRUE,0.20665205909332413,0.011176619373138463,TRUE
Anna's Hummingbird,0.188295714,0.007918482,50,2,4310,26,55,ANHU,39.15341684341354,0.7978586472463434,1,TRUE,0.1361045986658382,0.01235522806388134,TRUE
Arctic Warbler,0.336241881,0.212251379,125,2,7470,105,138,ARWA,109.92340521745213,2.797197041714682,1,TRUE,0.20528897813127828,0.024167358785488452,TRUE
Arizona Woodpecker,0.27959732,0.034920096,125,1.75,3975,105,138,NA,NA,NA,NA,FALSE,NA,NA,FALSE
Ash-throated Flycatcher,0.285893654,0.012720806,200,1.5,4540,140,220,ATFL,87.92090328868059,1.3840564960075312,6,TRUE,0.3525270914987774,0.009804121272891653,TRUE
Audubon's Oriole,0.134838091,0.034837138,125,2,5030,105,138,NA,NA,NA,NA,FALSE,NA,NA,FALSE
Bachman's Sparrow,0.353020961,0.010014486,200,2,5750,140,220,BACS,87.9255686166431,1.071597925802962,7,TRUE,0.23945636311941298,0.01305187179086359,TRUE
Baird's Sparrow,0.347885573,0.018872062,125,2,5450,105,138,BAIS,82.19157020107913,1.157815341608682,6,TRUE,0.48913840724638996,0.010839946756771524,TRUE
Bald Eagle,0.531446599,0.005017049,300,1.25,3520,220,330,BAEA,155.156629030088,12.697621555936678,4,TRUE,0.14471851537732924,0.01553060677132076,TRUE
Baltimore Oriole,0.141448158,0.008339067,125,1.75,5070,105,138,BAOR,87.22893173978561,0.6937113974064744,2,TRUE,0.15169432570083216,0.00603944530794856,TRUE
Band-tailed Pigeon,0.445606274,0.021296333,200,1.75,3120,140,220,BTPI,87.40084661582138,2.3606520927534262,2,TRUE,0.07388254417618917,0.015762347069362095,TRUE
Bank Swallow,0.642518351,0.054160354,200,1,6160,140,220,BANS,126.27933157692652,0.79686844080328,9,TRUE,0.31438728536631166,0.015220512717483259,TRUE
Barn Owl,1.639980926,0.005870793,200,2,3650,140,220,NA,NA,NA,NA,FALSE,NA,NA,FALSE
Barn Swallow,0.288208703,0.028063207,200,1.5,6130,140,220,BARS,84.09894180625697,0.3218785014986878,7,TRUE,0.18396558683832362,0.005139302494087283,TRUE
Barred Owl,2.246063781,0.003138642,200,2,3680,140,220,BADO,117.4802928968079,3.1974030471533013,8,TRUE,0.11541089951970679,0.013877043906361464,TRUE
Bay-breasted Warbler,0.153659869,0.007650575,80,2,6600,56,88,BBWA,58.87440121422111,2.6175096856705053,4,TRUE,0.28130361315784164,0.010415627424317397,TRUE
Bell's Sparrow,0.356608677,0.06387064,200,2,5739,140,220,NA,NA,NA,NA,FALSE,NA,NA,FALSE
Bell's Vireo,0.180378292,0.007557468,125,2,6330,105,138,BEVI,102.68344498262016,2.402501736650052,1,TRUE,0.400642193501947,0.021806567420581124,TRUE
Belted Kingfisher,0.290382383,0.001070783,200,2,3900,140,220,BEKI,92.3535128462774,2.084985468657294,7,TRUE,0.13018466043695437,0.01251726369897263,TRUE
Bendire's Thrasher,0.151208587,0.03780064,200,2,7080,140,220,NA,NA,NA,NA,FALSE,NA,NA,FALSE
Bewick's Wren,0.263952086,0.012017096,200,1.75,7190,140,220,BEWR,70.47915522645121,0.9176001248065546,6,TRUE,0.3714966726838523,0.009934706976745977,TRUE
Bicknell's Thrush,0.440536327,0.077167878,200,2,7571,140,220,NA,NA,NA,NA,FALSE,NA,NA,FALSE
Black Phoebe,0.490597113,0.0123837,125,1.5,4580,105,138,BLPH,61.17494839887773,0.7124717444469297,1,TRUE,0.1527669654420947,0.01417624549167587,TRUE
Black Rosy-Finch,0.244353977,0.088929258,125,1.5,5250,105,138,NA,NA,NA,NA,FALSE,NA,NA,FALSE
Black Swift,0.419278592,0.342734085,200,1.25,4220,140,220,NA,NA,NA,NA,FALSE,NA,NA,FALSE
Black Vulture,1.046186196,0.034351103,400,1.5,3260,320,440,BLVU,103.69421571849061,3.0515619116884096,8,TRUE,0.07411166992954749,NA,TRUE
Black-and-white Warbler,0.152823762,0.008002952,100,2,6360,84,110,BAWW,58.470282947408684,0.47147586592714674,4,TRUE,0.2374173527519588,0.0029634356150449737,TRUE
Black-backed Woodpecker,0.427240724,0.004502838,125,1.5,4000,105,138,BBWO,86.194460810781,6.781909843293022,2,TRUE,0.20579188341330637,0.016634743443870587,TRUE
Black-billed Cuckoo,0.283172906,0.005624163,200,2,3880,140,220,BBCU,130.67424062292002,3.101890305201877,4,TRUE,0.11688246596622173,0.011600825117645736,TRUE
Black-billed Magpie,0.235896152,0.020103119,300,1.75,4750,220,330,BBMA,168.78736436732657,5.011248298975545,3,TRUE,0.3230454898702856,0.0072577800757632205,TRUE
Blackburnian Warbler,0.191437754,0.009454552,80,2,6620,56,88,BLBW,62.96444226203825,0.940258113614874,9,TRUE,0.2619292944120181,0.0070137070600793106,TRUE
Black-capped Chickadee,0.378610362,0.015744777,125,2,7350,105,138,BCCH,77.5676594432105,0.40465886674678586,9,TRUE,0.1838559612212071,0.0037214622629517524,TRUE
Black-capped Vireo,0.252790135,0.052592429,125,2,6300,105,138,NA,NA,NA,NA,FALSE,NA,NA,FALSE
Black-chinned Hummingbird,0.261764193,0.005802987,50,1.5,4290,26,55,BCHU,49.20322344504591,2.7386360681598205,1,TRUE,0.13795235390371396,0.022179897841981308,TRUE
Black-chinned Sparrow,0.48677923,0.263794299,200,1.75,5650,140,220,BCSP,94.02576014315389,2.357425728763019,9,TRUE,0.20398043694565698,0.0607147470754755,TRUE
Black-crested Titmouse,0.167287607,0.015324212,200,1.25,7320,140,220,BCTI,91.89133037358617,9.672935823380314,2,TRUE,0.31073925939524355,0.037291249775237845,TRUE
Black-headed Grosbeak,0.35677819,0.014358481,125,2,5960,105,138,BHGR,69.69609643912933,0.4672187110160593,7,TRUE,0.3349128093387002,0.005122789170740993,TRUE
Blackpoll Warbler,0.036936066,0.007389098,80,2,6610,56,88,BLPW,35.24020344983589,2.8446800163895176,9,TRUE,0.24618531209886016,0.02108921377929121,TRUE
Black-tailed Gnatcatcher,0.507418109,0.013481356,80,1.75,7520,56,88,BTGN,46.884609609496366,1.3210499336422714,7,TRUE,0.6352420833798895,0.13210858226928057,TRUE
Black-throated Blue Warbler,0.123733234,0.007484617,125,2,6540,105,138,BTBW,66.1399070023308,0.7436462039870122,9,TRUE,0.24395638678786014,0.00788809757234299,TRUE
Black-throated Gray Warbler,0.234857209,0.011166783,125,2,6650,105,138,BTYW,61.15902117805972,0.657736250393917,3,TRUE,0.39106750511746285,0.006571448524663015,TRUE
Black-throated Green Warbler,0.123030348,0.008231303,125,2,6670,105,138,BTNW,79.64656355923171,0.6730505539283342,9,TRUE,0.285128699353093,0.004238158810168091,TRUE
Black-throated Sparrow,0.536376292,0.030266055,125,2,5730,105,138,BTSP,93.59055361745216,0.5404323245647618,5,TRUE,0.3844519327613987,0.009207210510584984,TRUE
Black-whiskered Vireo,0.252790135,0.052592429,125,2,6230,105,138,BWVI,NA,NA,4,FALSE,0.21430732445709094,0.016127431251196034,TRUE
Blue Grosbeak,0.425252098,0.010625576,125,2,5970,105,138,BLGR,70.46716525374713,1.566392350722566,6,TRUE,0.27920913841355377,0.009309096491570412,TRUE
Blue Jay,0.196211491,0.011653135,200,1.25,4770,140,220,BLJA,105.05377655110922,0.5183783308144712,7,TRUE,0.16642542965970347,0.0021107005629772135,TRUE
Blue-gray Gnatcatcher,0.507549726,0.013481573,50,1.75,7510,26,55,BGGN,35.843074209050094,0.23577149108428586,9,TRUE,0.2839052168391115,0.004221581160954169,TRUE
Blue-headed Vireo,0.191732584,0.009143537,125,2,6290,105,138,BHVI,57.39568863175937,0.7324274123900096,7,TRUE,0.22960715848347688,0.004804248272506528,TRUE
Bluethroat,0.336241881,0.212251379,200,1.5,7640,140,220,NA,NA,NA,NA,FALSE,NA,NA,FALSE
Blue-throated Hummingbird,0.282947489,0.030666539,50,1.5,4270,26,55,NA,NA,NA,NA,FALSE,NA,NA,FALSE
Blue-winged Warbler,0.245414125,0.00681225,125,2,6410,105,138,BWWA,51.810188951278796,1.821231220428274,1,TRUE,0.21690493139384065,0.009931857946665068,TRUE
Boat-tailed Grackle,0.627797265,0.044839671,200,1.25,5130,140,220,BTGR,48.16262826809515,1.4908788209589403,8,TRUE,0.09163711985118181,0.02140992757959853,TRUE
Bobolink,0.240408992,0.018723365,200,1.75,4940,140,220,BOBO,109.92444312348668,0.620746764817099,9,TRUE,0.2700366270042585,0.005782252253894282,TRUE
Bohemian Waxwing,0.251637205,0.021000969,125,1.75,6180,105,138,BOWA,55.09180864667264,1.4395779833310698,6,TRUE,0.02689995399729267,0.01668491704160769,TRUE
Boreal Chickadee,0.123606521,0.006154629,80,1.25,7400,56,88,BOCH,44.55816310360669,0.41418581670448873,3,TRUE,0.16842003787461954,0.010980167684795622,TRUE
Boreal Owl,0.805016534,0.006968846,200,2,3710,140,220,NA,NA,NA,NA,FALSE,NA,NA,FALSE
Botteri's Sparrow,0.332798461,0.023386542,200,1.75,5760,140,220,BOSP,36.98508680384547,5.965924829727253,6,TRUE,0.5848813792400788,0.05187958551807903,TRUE
Brewer's Blackbird,0.285067694,0.042310849,200,1.25,5100,140,220,BRBL,69.14247945296427,0.6457119910107139,7,TRUE,0.24158862272163267,0.006323294347480468,TRUE
Brewer's Sparrow,0.554371096,0.03152307,200,2,5620,140,220,BRSP,88.3375320752105,0.22181426618355715,9,TRUE,0.4721241473897748,0.005172870643535221,TRUE
Bridled Titmouse,0.167287607,0.015324212,200,1.75,7340,140,220,NA,NA,NA,NA,FALSE,NA,NA,FALSE
Broad-billed Hummingbird,0.282947489,0.030666539,50,1.5,4410,26,55,NA,NA,NA,NA,FALSE,NA,NA,FALSE
Broad-tailed Hummingbird,0.270066821,0.013827063,80,1.75,4320,56,88,BTHU,41.682269395086635,0.2759885033805176,3,TRUE,0.23567090820540262,0.010289812794912007,TRUE
Broad-winged Hawk,0.923824468,0.001843574,125,2,3430,105,138,BWHA,86.70131403843229,2.7453216446732114,2,TRUE,0.12088399169037231,0.011335156614240033,TRUE
Bronzed Cowbird,0.196381735,0.015392618,125,1.25,4960,105,138,NA,NA,NA,NA,FALSE,NA,NA,FALSE
Brown Creeper,0.327781306,0.007039325,80,2,7260,56,88,BRCR,49.95878766779903,0.6090408108006429,2,TRUE,0.20967683059363737,0.004742903833001161,TRUE
Brown Thrasher,0.141308812,0.007605114,200,1.5,7050,140,220,BRTH,91.18272535121329,1.0989595312726976,6,TRUE,0.19235919158838186,0.008146871168923486,TRUE
Brown-crested Flycatcher,0.236362278,0.026662981999999998,200,2,4530,140,220,NA,NA,NA,NA,FALSE,NA,NA,FALSE
Brown-headed Cowbird,0.196359385,0.015316476,125,1.75,4950,105,138,BHCO,70.57743294173395,0.27808032331657273,9,TRUE,0.1668345222269024,0.0029207289854177587,TRUE
Brown-headed Nuthatch,0.193256417,0.011315643,125,1.5,7290,105,138,BHNU,37.00932452553881,0.8431660229036098,9,TRUE,0.16861439533447475,0.011375260848646956,TRUE
Buff-bellied Hummingbird,0.282947489,0.030666539,50,2,4390,26,55,NA,NA,NA,NA,FALSE,NA,NA,FALSE
Bullock's Oriole,0.171626668,0.013381537,125,1.75,5080,105,138,BUOR,65.96071811780246,1.2255775323995692,8,TRUE,0.1917667496519335,0.011582415524799411,TRUE
Burrowing Owl,0.248559878,0.013839293,200,1.75,3780,140,220,BUOW,240.9983429464582,11.147215851579972,1,TRUE,0.20992689778289997,0.028391955479107056,TRUE
Bushtit,0.180014259,0.016575529,125,1.5,7430,105,138,BUSH,31.543695024497815,0.4090769010414945,2,TRUE,0.2786045795566645,0.009741928132910416,TRUE
Cactus Wren,0.38994346,0.015947778,200,1.5,7130,140,220,CACW,130.75641413785098,10.289979323002171,3,TRUE,0.6986236387532769,0.022936817603189885,TRUE
California Condor,1.083808476,0.036296279,400,1.5,3240,320,440,NA,NA,NA,NA,FALSE,NA,NA,FALSE
California Gnatcatcher,0.507418109,0.013481356,80,1.75,7530,56,88,NA,NA,NA,NA,FALSE,NA,NA,FALSE
California Quail,0.386160727,0.019277203,200,1.5,2940,140,220,CAQU,90.45233404531078,1.5355444121479422,3,TRUE,0.2469968465685628,0.009634602929007419,TRUE
California Thrasher,0.151208587,0.03780064,200,1.75,7100,140,220,CATH,220.20168596864494,31.644656075352316,Roadside,TRUE,NA,NA,FALSE
California Towhee,0.953116186,0.024293546,125,2,5911,105,138,CALT,69.83801594807215,1.5390179869734766,4,TRUE,0.2888713523966066,0.019525933266777762,TRUE
Calliope Hummingbird,0.222786696,0.005361244,50,2,4360,26,55,CAHU,26.980386800705414,1.655304159608523,3,TRUE,0.05754559485523319,NA,TRUE
Canada Warbler,0.144498738,0.005886014,100,2,6860,84,110,CAWA,61.24619435880685,1.030216564523748,1,TRUE,0.28766964970293757,0.0056291989275888965,TRUE
Canyon Towhee,0.901022212,0.013820457,125,2,5910,105,138,CANT,80.7262222671563,1.7413790369375874,8,TRUE,0.30590065374422537,0.035576088949865636,TRUE
Canyon Wren,0.627107745,0.00823747,200,2,7170,140,220,CANW,161.37114851619708,14.172467462134904,1,TRUE,0.2833030269072134,0.019500538053486782,TRUE
Cape May Warbler,0.325792288,0.005702945,80,2,6500,56,88,CMWA,59.382579165085815,2.69682256380559,5,TRUE,0.2615415360834786,0.014505896476587565,TRUE
Carolina Chickadee,0.23301274,0.013259707,125,1.25,7360,105,138,CACH,41.015481355252874,0.129287040076683,8,TRUE,0.22163321345226986,0.004331749756232489,TRUE
Carolina Wren,0.2685187,0.014746994,200,1.5,7180,140,220,CARW,66.8377209150411,0.4290089172483249,4,TRUE,0.2437531209274057,0.0021608116325286253,TRUE
Cassin's Finch,0.290200251,0.012993251,125,2,5180,105,138,CAFI,78.68039840415648,1.901888919443138,3,TRUE,0.23454002380814995,0.008177083668164026,TRUE
Cassin's Kingbird,0.429312979,0.017320122,200,2,4480,140,220,CAKI,140.12794668794848,2.9078051535515783,6,TRUE,0.376140242146184,0.020036120801391444,TRUE
Cassin's Sparrow,0.324927907,0.022658797,200,1.75,5780,140,220,CASP,122.50220392484181,0.7042432322095635,6,TRUE,0.6629460638609049,0.008726759916832472,TRUE
Cassin's Vireo,0.29475794,0.011141985,125,2,6291,105,138,CAVI,66.02361814166954,0.6385523143529213,3,TRUE,0.356057662547014,0.008577761339730317,TRUE
Cave Swallow,0.601584903,0.097402064,200,1,6121,140,220,NA,NA,NA,NA,FALSE,NA,NA,FALSE
Cedar Waxwing,0.251384113,0.021058939,100,1.75,6190,84,110,CEDW,66.85972630144636,0.33409620611303126,8,TRUE,0.10978119806677719,0.004465552386321708,TRUE
Cerulean Warbler,0.214654972,0.006059708,100,2,6580,84,110,CERW,46.493463976416464,1.7720161769785392,3,TRUE,0.26126994196569775,0.01432887030037755,TRUE
Chestnut-backed Chickadee,0.172673671,0.018267892,80,1.25,7410,56,88,CBCH,38.466145812109914,0.1710696052982783,9,TRUE,0.2166081187691518,0.012842347147887762,TRUE
Chestnut-collared Longspur,0.47764042,0.035721667,200,1.5,5380,140,220,CCLO,95.14292926081474,0.7407897268653016,4,TRUE,0.33549950800500505,0.00661103633207627,TRUE
Chestnut-sided Warbler,0.207905027,0.009565074,125,2,6590,105,138,CSWA,73.42622221845602,0.4391227574360528,9,TRUE,0.29246980366113995,0.003972003733406448,TRUE
Chihuahuan Raven,0.246353299,0.018415724,400,1.75,4870,320,440,CHRA,365.4215449125494,14.777634685485054,3,TRUE,0.19081089574607346,0.016586779719466982,TRUE
Chimney Swift,0.281915163,0.018153048,200,1.75,4230,140,220,CHSW,66.2727532610155,1.011624450874578,3,TRUE,0.11918966695535038,0.006020772159844909,TRUE
Chipping Sparrow,0.695273332,0.023465322,125,2,5600,105,138,CHSP,78.93531525803172,0.3277784437747755,8,TRUE,0.29057124953656904,0.003060974593380894,TRUE
Chuck-will's-widow,3.018785009,0.008504079,300,2,4160,220,330,CWWI,83.26203705295863,5.420604953113752,5,TRUE,0.3923849918697279,0.07182118146610872,TRUE
Chukar,0.516304491,0.161395519,300,2,2882,220,330,CHUK,260.72576583117905,10.816937940942154,4,TRUE,0.3060876560848342,0.01948715436382703,TRUE
Clark's Nutcracker,0.324373017,0.0131279,300,1.25,4910,220,330,CLNU,164.62388689621625,5.273590038861954,1,TRUE,0.3049292398741644,0.0065781816456689235,TRUE
Clay-colored Sparrow,0.399192981,0.026524177,125,2,5610,105,138,CCSP,99.99000279794245,1.4047723574096835,7,TRUE,0.32297124186126464,0.005444669798945978,TRUE
Cliff Swallow,0.602018152,0.097550427,200,1,6120,140,220,CLSW,72.82567345555402,0.3481645649794416,9,TRUE,0.40960864935932856,0.005216635261066027,TRUE
Common Black Hawk,0.393264523,0.22105359,300,1.75,3450,220,330,NA,NA,NA,NA,FALSE,NA,NA,FALSE
Common Grackle,0.408425194,0.055505963,200,1.25,5110,140,220,COGR,92.49428887001463,0.2339259321393996,7,TRUE,0.15109920497237903,0.0026893623781858167,TRUE
Common Ground-Dove,0.505966382,0.012083732,125,1.5,3200,105,138,NA,NA,NA,NA,FALSE,NA,NA,FALSE
Common Nighthawk,2.15054635,0.015134556,300,2,4200,220,330,CONI,135.57334123246974,4.791227626313713,8,TRUE,0.3344049050579359,0.011947977072637006,TRUE
Common Poorwill,3.361205639,0.001459633,300,2,4180,220,330,COPO,220.3640501353962,17.934763187781243,6,TRUE,0.05643257843421187,0.03632626887213407,TRUE
Common Raven,0.322897689,0.015933012,400,1,4860,320,440,CORA,172.41208120641068,1.9107024007599875,9,TRUE,0.24908917236433334,0.004753819687130262,TRUE
Common Redpoll,0.195174643,0.022312919,125,2,5280,105,138,CORE,89.25700959002798,4.455225147912174,1,TRUE,5.927159462606552e-9,2.3852363177752077e-9,TRUE
Common Yellowthroat,0.105097389,0.010027601,125,2,6810,105,138,COYE,86.6530588997286,0.36472889160735633,9,TRUE,0.295806392826984,0.003116923497703983,TRUE
Connecticut Warbler,0.251795457,0.006130415,125,2,6780,105,138,CONW,89.62868309031,5.559402772541176,8,TRUE,0.3990210563199792,0.016491803468650867,TRUE
Cooper's Hawk,0.266253374,0.002707433,125,2,3330,105,138,COHA,78.32919749533673,4.4792396810018715,3,TRUE,0.08962095164324302,NA,TRUE
Cordilleran Flycatcher,0.286041028,0.009418091,125,2,4640,105,138,COFL,68.38562162610899,0.6943844871406384,6,TRUE,0.42756685252975407,0.014443637529658993,TRUE
Costa's Hummingbird,0.282947489,0.030666539,50,1.25,4300,26,55,NA,NA,NA,NA,FALSE,NA,NA,FALSE
Couch's Kingbird,0.287611169,0.196137195,200,2,4461,140,220,NA,NA,NA,NA,FALSE,NA,NA,FALSE
Crested Caracara,0.263500335,0.064231078,300,1,3620,220,330,NA,NA,NA,NA,FALSE,NA,NA,FALSE
Crissal Thrasher,0.151208587,0.03780064,200,2,7120,140,220,CRTH,121.10095975398237,5.985424228770725,1,TRUE,0.33374090971078324,0.04381472019774224,TRUE
Curve-billed Thrasher,0.288256196,0.01118764,200,2,7070,140,220,CBTH,128.78632893431282,16.705207078749737,2,TRUE,0.35028157058499976,0.024316148430934548,TRUE
Dark-eyed Junco,0.541617969,0.066552841,125,2,5670,105,138,DEJU,53.62807088081403,0.24028218678564173,9,TRUE,0.26943283426898135,0.0031826715682796713,TRUE
Dickcissel,0.149758908,0.022316003,200,1.75,6040,140,220,DICK,78.63794392686368,1.1725493815184507,7,TRUE,0.5216364789961295,0.009328732246130178,TRUE
Downy Woodpecker,0.297784285,0.00653134,125,2,3940,105,138,DOWO,63.51032257688697,0.5712416841722003,3,TRUE,0.12602835550623626,0.0029178794148477794,TRUE
Dusky Flycatcher,0.151740992,0.009723034,125,2,4690,105,138,DUFL,63.11545765565104,0.5504971440820725,7,TRUE,0.47794001155117394,0.0071649144526412245,TRUE
Dusky Grouse,0.516304491,0.161395519,200,2,2970,140,220,DUGR,126.71853170550087,18.65732828471816,1,TRUE,0.27900841387237674,0.027719032559397117,TRUE
Eastern Bluebird,0.161933803,0.010916627,125,1.5,7660,105,138,EABL,71.41353251287723,0.8643539629158568,4,TRUE,0.13955926515488817,0.006458175565207697,TRUE
Eastern Kingbird,0.144573269,0.008622775,125,1.75,4440,105,138,EAKI,82.04656181359773,0.6249961716182355,9,TRUE,0.18367050200504695,0.007125340482339315,TRUE
Eastern Meadowlark,0.245182991,0.017067785,200,1.75,5010,140,220,EAME,116.48840123750125,1.0433460910530812,7,TRUE,0.3578786769933525,0.009815951041683146,TRUE
Eastern Phoebe,0.898152488,0.011850315,125,2,4560,105,138,EAPH,88.72765773234225,1.067628113600037,4,TRUE,0.17547690284414685,0.008354598030083177,TRUE
Eastern Screech-Owl,2.114649232,0.001820302,125,2,3730,105,138,EASO,85.48284126138765,6.090012892363774,1,TRUE,0.17857053854851504,0.03612714000212122,TRUE
Eastern Towhee,0.302646684,0.016049386,125,2,5870,105,138,EATO,61.01826298617674,0.33147698580445706,8,TRUE,0.27882735741128073,0.003663623464178589,TRUE
Eastern Whip-poor-will,3.32522679,0.00433927,300,2,4171,220,330,NA,NA,NA,NA,FALSE,NA,NA,FALSE
Eastern Wood-Pewee,0.110277554,0.008288144,200,2,4610,140,220,EAWP,88.16537416611912,0.6826373694008936,7,TRUE,0.2889516257242841,0.0032888683795209706,TRUE
Elegant Trogon,0.336241881,0.212251379,200,1.5,3890,140,220,NA,NA,NA,NA,FALSE,NA,NA,FALSE
Elf Owl,2.813439651,0.002713909,125,2,3810,105,138,NA,NA,NA,NA,FALSE,NA,NA,FALSE
Eurasian Collared-Dove,0.353765248,0.013942027,200,1.75,22860,140,220,EUCD,113.49167110424577,3.3792022846094483,4,TRUE,0.224329389452572,0.010763490559211303,TRUE
Eurasian Tree Sparrow,0.237386145,0.043432442,125,1.75,6883,105,138,NA,NA,NA,NA,FALSE,NA,NA,FALSE
European Starling,0.455644428,0.068393305,200,1,4930,140,220,EUST,104.68824602972244,0.22366638540573547,9,TRUE,0.1629520200482669,0.0054349028265272825,TRUE
Evening Grosbeak,0.252268742,0.012436775,125,1.75,5140,105,138,EVGR,85.89173859047442,1.5095829973227097,7,TRUE,0.1626676576749807,0.008271853645686889,TRUE
Ferruginous Hawk,0.136893402,0.004679038,300,1.25,3480,220,330,FEHA,175.87016118884142,13.298546251403934,1,TRUE,0.32060868523445196,0.0373283392459145,TRUE
Field Sparrow,0.080762136,0.009480465,200,2,5630,140,220,FISP,106.55666631215217,1.5477850014051455,7,TRUE,0.3299491254825781,0.006073589308100702,TRUE
Fish Crow,0.487620817,0.015744456,400,1.25,4900,320,440,FICR,97.47334455582178,3.7859532862665333,6,TRUE,0.19986882160288785,0.018958632500278988,TRUE
Flammulated Owl,1.485902877,0.00967305,125,2,3740,105,138,NA,NA,NA,NA,FALSE,NA,NA,FALSE
Florida Scrub-Jay,0.162911473,0.013297024,200,1.5,4790,140,220,FLSJ,41.76273815543553,2.434057945970011,1,TRUE,0.19159234701168137,0.02711458868808994,TRUE
Fox Sparrow,0.088786254,0.011202226,200,2,5850,140,220,FOSP,73.87371639784762,1.1253858779657264,7,TRUE,0.2685274023410511,0.008550171495045222,TRUE
Gambel's Quail,0.617677484,0.028464202,200,1.75,2950,140,220,GAQU,165.9852920849725,12.199569006271815,7,TRUE,0.5136377347056794,0.023457874065834994,TRUE
Gila Woodpecker,0.327182639,0.046172265,200,1,4110,140,220,GIWO,127.03633982365743,5.93434488764548,1,TRUE,0.31156488413739647,0.03860537739233083,TRUE
Gilded Flicker,0.262542044,0.045968827,200,1.25,4140,140,220,NA,NA,NA,NA,FALSE,NA,NA,FALSE
Golden Eagle,0.42719715,0.001560231,400,1.75,3490,320,440,GOEA,262.96354570215743,20.25104765894224,5,TRUE,0.3010642712673517,0.07705822016244757,TRUE
Golden-cheeked Warbler,0.152835663,0.065246383,125,2,6660,105,138,NA,NA,NA,NA,FALSE,NA,NA,FALSE
Golden-crowned Kinglet,0.19966966,0.011538985,50,2,7480,26,55,GCKI,39.41356502827037,0.12429465407903706,8,TRUE,0.24895163095782413,0.005250531144721737,TRUE
Golden-crowned Sparrow,0.238439032,0.019158995,200,2,5570,140,220,GCSP,74.68464085846418,4.798927783409667,4,TRUE,0.2557932310494626,0.01994255229756195,TRUE
Golden-fronted Woodpecker,0.327182639,0.046172265,200,1,4100,140,220,GFWO,142.09043341576407,5.305428784739462,3,TRUE,4.0610021482835314e-4,3.6670484840204163e-4,TRUE
Golden-winged Warbler,0.133705003,0.005624412,125,2,6420,105,138,GWWA,76.19256993829113,1.9595684605080663,9,TRUE,0.22301680888596306,0.013546328798333951,TRUE
Grace's Warbler,0.152835663,0.065246383,125,2,6640,105,138,GRWA,73.72629067296278,0.8774339882464659,5,TRUE,0.46514976314074585,0.017305810240620945,TRUE
Grasshopper Sparrow,0.391507599,0.013630016,125,2,5460,105,138,GRSP,67.19074357806579,0.7860525469974675,7,TRUE,0.5912282984588219,0.005876043644038487,TRUE
Gray Catbird,0.424676515,0.013687414,125,2,7040,105,138,GRCA,73.10307429792313,0.5767820985638679,7,TRUE,0.1907017806408781,0.004929545550313191,TRUE
Gray Flycatcher,0.253852676,0.009005444,125,2,4691,105,138,GRFL,72.15152870738217,1.5479821365407247,7,TRUE,0.3832162777399806,0.012324804433349434,TRUE
Gray Jay,0.206075389,0.008834811,125,1,4840,105,138,NA,NA,NA,NA,FALSE,NA,NA,FALSE
Gray Kingbird,0.287611169,0.196137195,200,1.75,4450,140,220,GRAK,NA,NA,1,FALSE,0.13616551633822982,0.025381635735661698,TRUE
Gray Partridge,0.255873113,0.005627355,125,2,2881,105,138,GRAP,NA,NA,4,FALSE,0.3127061062906732,0.05524449036070023,TRUE
Gray Vireo,0.252790135,0.052592429,125,2,6340,105,138,GRVI,94.4567581191164,1.2237862352695146,2,TRUE,0.45728394653175325,0.013591557390089715,TRUE
Gray-cheeked Thrush,0.440536327,0.077167878,125,2,7570,105,138,GCTH,96.92664220908446,1.5481988978342258,1,TRUE,0.20097058093196682,0.014083010861632994,TRUE
Gray-crowned Rosy-Finch,0.244353977,0.088929258,125,1.5,5240,105,138,GCRF,NA,NA,3,FALSE,0.3283673475443274,0.048127730495156285,TRUE
Great Crested Flycatcher,0.223953898,0.009044568,200,1.75,4520,140,220,GCFL,94.86729687914084,0.6195930616756868,7,TRUE,0.18651657376533803,0.0033636779588474552,TRUE
Great Gray Owl,0.788077555,0.005099447,200,2,3700,140,220,NA,NA,NA,NA,FALSE,NA,NA,FALSE
Great Horned Owl,2.450156066,0.003001912,300,2,3750,220,330,GHOW,116.40839216138255,7.473655390077255,4,TRUE,0.20937443626964655,0.022796625018381894,TRUE
Greater Pewee,0.111056929,0.009846454,200,2,4600,140,220,NA,NA,NA,NA,FALSE,NA,NA,FALSE
Greater Prairie-Chicken,0.30719296,0.010294537,200,2,3050,140,220,GRPC,393.9396273148156,25.230005145552127,6,TRUE,0.36053122596604315,0.06168308475051626,TRUE
Greater Roadrunner,0.413389213,0.006077421,200,2,3850,140,220,GRRO,108.27170758340763,9.314223962777518,8,TRUE,0.26179979943867393,0.037349143530122336,TRUE
Greater Sage-Grouse,0.516304491,0.161395519,200,1.25,3090,140,220,GRSG,63.64287279189563,12.343031717768206,4,TRUE,0.17848238801661453,0.05006289546674428,TRUE
Great-tailed Grackle,0.355734022,0.028093388,200,1,5120,140,220,GTGR,111.99613750398949,7.488159010225516,9,TRUE,0.012706420058372225,6.920838278622523e-4,TRUE
Green Jay,0.196506623,0.024782332,200,1.5,4830,140,220,NA,NA,NA,NA,FALSE,NA,NA,FALSE
Green-tailed Towhee,0.634658223,0.019805701,200,2,5900,140,220,GTTO,81.28890216952944,1.1305155797830224,3,TRUE,0.4827485854427805,0.006649529937360565,TRUE
Groove-billed Ani,0.320440779,0.0372801,125,1.25,3840,105,138,NA,NA,NA,NA,FALSE,NA,NA,FALSE
Gunnison Sage-Grouse,0.516304491,0.161395519,200,1.25,3089,140,220,NA,NA,NA,NA,FALSE,NA,NA,FALSE
Gyrfalcon,0.26349032,0.064226508,300,1.5,3540,220,330,NA,NA,NA,NA,FALSE,NA,NA,FALSE
Hairy Woodpecker,0.249314168,0.004190679,125,2,3930,105,138,HAWO,72.95658930367325,0.33305877515896043,3,TRUE,0.15437690482497474,0.004617811771838343,TRUE
Hammond's Flycatcher,0.383876374,0.015184249,100,2,4680,84,110,HAFL,51.781249344633544,0.7251345383827115,3,TRUE,0.4211407794831546,0.01280142610700824,TRUE
Harris's Hawk,0.393264523,0.22105359,300,1.5,3350,220,330,NA,NA,NA,NA,FALSE,NA,NA,FALSE
Henslow's Sparrow,0.678606158,0.010664453,125,2,5470,105,138,HESP,NA,NA,4,FALSE,0.22083217095596472,0.06219479640790948,TRUE
Hepatic Tanager,0.249492464,0.139360358,125,2,6090,105,138,HETA,94.70454066506088,2.5555486837822343,1,TRUE,0.37346062337843794,0.02665849040880619,TRUE
Hermit Thrush,0.34889321,0.013521061,200,2,7590,140,220,HETH,129.00141679910777,1.0765889538531752,7,TRUE,0.3520985580465895,0.0030863691803688087,TRUE
Hermit Warbler,0.169558798,0.01638279,125,2,6690,105,138,HEWA,60.02026679099361,0.38045777567451466,7,TRUE,0.47560957544984106,0.010655446142801561,TRUE
Hoary Redpoll,0.195275926,0.022255784,125,2,5270,105,138,HORE,51.136352702154106,1.6733665647010412,Intercept,TRUE,NA,NA,FALSE
Hooded Oriole,0.134838091,0.034837138,125,1.75,5050,105,138,NA,NA,NA,NA,FALSE,NA,NA,FALSE
Hooded Warbler,0.165781479,0.006677477,125,2,6840,105,138,HOWA,49.12870609605865,0.32901232727141405,2,TRUE,0.2806523571017433,0.0023607620039303168,TRUE
Horned Lark,0.319579262,0.038106901,200,2,4740,140,220,HOLA,88.82337823064489,0.4220452972755169,9,TRUE,0.3759097915852191,0.0030408517211327757,TRUE
House Finch,0.106257564,0.012699766,125,1.75,5190,105,138,HOFI,78.26032039948615,0.6895861661252098,9,TRUE,0.1935366120165977,0.010126377253543817,TRUE
House Sparrow,0.23727539,0.043700479,125,1,6882,105,138,HOSP,82.84851428513382,0.3547889567415865,8,TRUE,0.31426387031613845,0.008706596100809982,TRUE
House Wren,0.157442539,0.010356315,125,2,7210,105,138,HOWR,91.65260107770135,0.5725579447539815,7,TRUE,0.43319921537886674,0.003711036060757733,TRUE
Hutton's Vireo,0.412118002,0.007851349,125,2,6320,105,138,HUVI,57.955036861809255,1.0239026260657127,5,TRUE,0.2579731642627734,0.02300388113112664,TRUE
Inca Dove,0.259561594,0.009810166,125,1.25,3210,105,138,NA,NA,NA,NA,FALSE,NA,NA,FALSE
Indigo Bunting,0.334016374,0.015511967,125,2,5980,105,138,INBU,60.59373857291456,0.24966422449245584,8,TRUE,0.28897397374329603,0.0026642517447569847,TRUE
Juniper Titmouse,0.161396989,0.009527298,200,1.25,7331,140,220,JUTI,75.70581116603617,2.892021696802729,8,TRUE,0.23483924322899427,0.017808137100771754,TRUE
Kentucky Warbler,0.165429467,0.007695189,125,2,6770,105,138,KEWA,58.814041547180025,0.8238881163716343,6,TRUE,0.2778224230766422,0.007745948600596908,TRUE
Kirtland's Warbler,0.152835663,0.065246383,200,2,6700,140,220,NA,NA,NA,NA,FALSE,NA,NA,FALSE
Ladder-backed Woodpecker,0.335269007,0.009487836,125,2,3960,105,138,LBWO,100.54225843943979,2.4105510157508974,1,TRUE,0.19223833769722687,0.02307525210094946,TRUE
Lapland Longspur,0.479198426,0.03584308,200,1.75,5360,140,220,LALO,115.31337133496014,17.9686408917197,9,TRUE,0.48036397132432995,0.020393832823308977,TRUE
Lark Bunting,0.286366646,0.05170139,200,1,6050,140,220,LARB,117.21534117174585,1.6052665300599926,2,TRUE,0.3702783200497093,0.003113797439453725,TRUE
Lark Sparrow,0.14314708,0.013175516,200,1.5,5520,140,220,LASP,85.85557547860692,1.4622131785093018,3,TRUE,0.265556618314587,0.004607054406262245,TRUE
Lawrence's Goldfinch,0.312388451,0.021341133,125,1.75,5310,105,138,LAGO,71.33777939756854,2.993827675447193,Intercept,TRUE,NA,NA,FALSE
Lazuli Bunting,0.253922015,0.011113142,125,2,5990,105,138,LAZB,64.27218803006315,0.6641405668794462,2,TRUE,0.44068202488328995,0.006058304992535901,TRUE
Le Conte's Sparrow,0.705896323,0.014200509,125,2,5480,105,138,NA,NA,NA,NA,FALSE,NA,NA,FALSE
Le Conte's Thrasher,0.151208587,0.03780064,200,1.75,7110,140,220,NA,NA,NA,NA,FALSE,NA,NA,FALSE
Least Flycatcher,0.087097838,0.009253083,125,2,4670,105,138,LEFL,79.85640096224499,0.8104969205633239,9,TRUE,0.38204180762548223,0.005879344999001834,TRUE
Lesser Goldfinch,0.300588294,0.01824926,125,1.75,5300,105,138,LEGO,56.082526614484756,0.6918942628769429,1,TRUE,0.16063844194864144,0.006097980839082001,TRUE
Lesser Nighthawk,2.125465631,0.019269463,300,2,4210,220,330,NA,NA,NA,NA,FALSE,NA,NA,FALSE
Lesser Prairie-Chicken,0.30719296,0.010294537,200,2,3070,140,220,NA,NA,NA,NA,FALSE,NA,NA,FALSE
Lewis's Woodpecker,0.327182639,0.046172265,200,1.5,4080,140,220,LEWO,60.49075511325119,4.529082304501614,1,TRUE,0.1866796103820575,0.024822539769804725,TRUE
Lincoln's Sparrow,0.650857783,0.015359268,125,2,5830,105,138,LISP,84.62047932980533,1.5884258618275169,8,TRUE,0.2996675526482885,0.007262567267628917,TRUE
Loggerhead Shrike,0.257515395,0.008301429,125,1.25,6220,105,138,LOSH,83.59397741625601,3.5746297288305726,8,TRUE,0.2022873845961863,0.018779323123943842,TRUE
Long-billed Thrasher,0.151208587,0.03780064,200,2,7060,140,220,NA,NA,NA,NA,FALSE,NA,NA,FALSE
Long-eared Owl,0.950630863,0.005753235,125,2,3660,105,138,NA,NA,NA,NA,FALSE,NA,NA,FALSE
Louisiana Waterthrush,0.327908312,0.00514556,200,2,6760,140,220,LOWA,45.8641662888805,1.1516978163616898,1,TRUE,0.21908031502536968,0.007270204321241314,TRUE
Lucy's Warbler,0.213627285,0.029472214,125,2,6430,105,138,LUWA,81.06952015358793,12.620815903835009,3,TRUE,0.7264619958502934,0.10892010986711598,TRUE
MacGillivray's Warbler,0.154940761,0.008899679,125,2,6800,105,138,MGWA,53.98229058187655,0.5129222790814154,1,TRUE,0.36727537055043386,0.005965064419114763,TRUE
Magnificent Hummingbird,0.282947489,0.030666539,50,1.5,4260,26,55,NA,NA,NA,NA,FALSE,NA,NA,FALSE
Magnolia Warbler,0.128230092,0.011292731,125,2,6570,105,138,MAWA,72.92830015431352,0.7737336429129584,9,TRUE,0.27361386436466734,0.006098612234214484,TRUE
Mangrove Cuckoo,0.309625232,0.020635638,200,2,3860,140,220,MACU,NA,NA,4,FALSE,0.07215349469143001,0.018265363460385264,TRUE
Marsh Wren,0.865362685,0.017776852,125,2,7250,105,138,MAWR,66.53870689829307,0.6701825760344917,2,TRUE,0.4637151922240786,0.010987892919395004,TRUE
McCown's Longspur,0.477568371,0.036353088,200,1.5,5390,140,220,NA,NA,NA,NA,FALSE,NA,NA,FALSE
Merlin,0.136416034,0.001135255,125,2,3570,105,138,MERL,84.63963680203956,5.403200320944137,6,TRUE,0.02304999259030692,0.017026987766027544,TRUE
Mexican Jay,0.162911473,0.013297024,200,1.25,4820,140,220,MEJA,64.91798687272022,9.305324013542034,1,TRUE,0.38407603815190106,0.03242268326531039,TRUE
Mexican Whip-poor-will,3.611336298,0.001758972,300,2,4172,220,330,NA,NA,NA,NA,FALSE,NA,NA,FALSE
Mississippi Kite,1.03847348,0.012618132,300,1.75,3290,220,330,MIKI,87.00858428113793,4.59624616489242,6,TRUE,0.0693934026366433,0.03252869331671151,TRUE
Monk Parakeet,0.336241881,0.212251379,125,1.5,3824,105,138,NA,NA,NA,NA,FALSE,NA,NA,FALSE
Montezuma Quail,0.464854806,0.054157666,200,1.25,2960,140,220,NA,NA,NA,NA,FALSE,NA,NA,FALSE
Mountain Bluebird,0.561682314,0.019043058,200,2,7680,140,220,MOBL,90.59243836562113,2.361724049685435,5,TRUE,0.18568146481831715,0.008039188769058986,TRUE
Mountain Chickadee,0.281720767,0.014457926,125,1.25,7380,105,138,MOCH,67.24084358961832,0.44588153812462394,7,TRUE,0.3247338035463763,0.00473292458210095,TRUE
Mountain Quail,0.40626839,0.014460376,300,2,2920,220,330,MOUQ,131.2190566045567,3.1994437704433665,8,TRUE,0.32087126624421297,0.018753854086723976,TRUE
Mourning Dove,0.316423592,0.022409558,200,1.75,3160,140,220,MODO,109.2446948283344,0.4335389978420352,9,TRUE,0.25930642681971,0.0028476891249270553,TRUE
Mourning Warbler,0.259959923,0.011418499,125,2,6790,105,138,MOWA,86.5545872733398,0.964508548945858,7,TRUE,0.3128984572713838,0.006221452253045767,TRUE
Nashville Warbler,0.213572778,0.014052851,125,2,6450,105,138,NAWA,69.18489822791187,0.33963856500524514,5,TRUE,0.34597966429200605,0.0032563098870829754,TRUE
Nelson's Sparrow,0.571305714,0.009063602,125,2,5491,105,138,NESP,NA,NA,6,FALSE,1.6346547887328243e-4,8.136627182183203e-5,TRUE
Northern Beardless-Tyrannulet,0.309093639,0.270946381,125,2,4720,105,138,NA,NA,NA,NA,FALSE,NA,NA,FALSE
Northern Bobwhite,0.471034551,0.01639269,200,1.75,2890,140,220,NOBO,130.4224994027105,3.0940723016084917,9,TRUE,0.25557691296337,0.008043257843871165,TRUE
Northern Cardinal,0.866690425,0.028147857,200,2,5930,140,220,NOCA,80.88832503837386,0.3877766979780404,9,TRUE,0.24924766291214015,0.003133062575673945,TRUE
Northern Flicker,0.263105839,0.045989788,200,1.25,4120,140,220,NOFL,116.94412428458374,1.0074244702899051,8,TRUE,0.16563544515501755,0.0037489256454596998,TRUE
Northern Goshawk,0.350349154,0.002368837,125,2,3340,105,138,NOGO,91.47942373804449,4.088407427038064,4,TRUE,0.19492814897535493,0.06096829681136545,TRUE
Northern Harrier,0.222768112,0.005077001,300,2,3310,220,330,NOHA,152.88736611698968,5.112226235822533,2,TRUE,0.09278196480700181,0.01388733197324353,TRUE
Northern Hawk Owl,0.236760813,0.004621573,200,2,3770,140,220,NA,NA,NA,NA,FALSE,NA,NA,FALSE
Northern Mockingbird,0.099038838,0.013748544,200,1.5,7030,140,220,NOMO,79.96681186366808,0.6323577746538831,5,TRUE,0.4506946387161996,0.007364780273940941,TRUE
Northern Parula,0.165653455,0.008870983,100,2,6480,84,110,NOPA,50.7933105424582,0.4650721043026209,8,TRUE,0.2730735562093051,0.004223325429762059,TRUE
Northern Pygmy-Owl,1.056103865,0.003481108,200,2,3790,140,220,NOPO,111.27684337417969,10.623296159597444,2,TRUE,0.23247596204483073,0.037276947940823535,TRUE
Northern Rough-winged Swallow,0.303402591,0.013563681,125,1.75,6170,105,138,NRWS,51.56007638507106,0.5044487891856875,9,TRUE,0.18166866776119397,0.01001490187848747,TRUE
Northern Saw-whet Owl,2.47047366,0.003241028,200,2,3720,140,220,NA,NA,NA,NA,FALSE,NA,NA,FALSE
Northern Shrike,0.257533707,0.008196501,200,1.75,6210,140,220,NA,NA,NA,NA,FALSE,NA,NA,FALSE
Northern Waterthrush,0.108962749,0.006741665,200,2,6750,140,220,NOWA,98.67048264313213,1.6036921105228998,3,TRUE,0.2583478470743628,0.008163696573058932,TRUE
Northern Wheatear,0.336241881,0.212251379,200,2,7650,140,220,NA,NA,NA,NA,FALSE,NA,NA,FALSE
Northwestern Crow,0.438962554,0.094806648,400,1.5,4890,320,440,NA,NA,NA,NA,FALSE,NA,NA,FALSE
Nuttall's Woodpecker,0.27959732,0.034920096,125,1.5,3970,105,138,NUWO,55.98010597843985,1.2031830006136204,2,TRUE,0.2181982145442313,0.0715268256309323,TRUE
Oak Titmouse,0.203429085,0.015921436,200,1.25,7330,140,220,OATI,53.40298414786996,0.30932902871332146,5,TRUE,0.3039697471236418,0.021082395610979132,TRUE
Olive Sparrow,0.709359899,0.020977793,200,1.75,5860,140,220,NA,NA,NA,NA,FALSE,NA,NA,FALSE
Olive Warbler,0.336241881,0.212251379,125,2,6510,105,138,NA,NA,NA,NA,FALSE,NA,NA,FALSE
Olive-sided Flycatcher,0.109373062,0.006610393,300,2,4590,220,330,OSFL,123.50935545390983,2.1191719757548384,1,TRUE,0.3933899988274427,0.008122479780543201,TRUE
Orange-crowned Warbler,0.237215061,0.013613313,125,2,6460,105,138,OCWA,64.27342826630814,0.7359805074617682,2,TRUE,0.2694851478337255,0.005049768142598776,TRUE
Orchard Oriole,0.099898312,0.00769728,125,1.75,5060,105,138,OROR,56.95994267331988,0.90843339265259,6,TRUE,0.17397692428405181,0.013133568971323922,TRUE
Osprey,0.49973566,0.00742224,300,1.25,3640,220,330,OSPR,119.31778746989116,5.581216590721539,5,TRUE,0.22514681883264234,0.02518677812576589,TRUE
Ovenbird,0.214366322,0.014149396,200,2,6740,140,220,OVEN,89.13920639697699,0.36937960324522123,3,TRUE,0.38033937566553155,0.001684947896101574,TRUE
Pacific Wren,0.513974173,0.013003866,200,1.75,7221,140,220,PAWR,55.008514689190505,0.9138009500033633,2,TRUE,0.5524379791892041,0.011957825652319287,TRUE
Pacific-slope Flycatcher,0.141806818,0.01059711,125,2,4641,105,138,PSFL,55.493668788494986,0.5453241115484246,7,TRUE,0.39204024178628877,0.01122291592490593,TRUE
Painted Bunting,0.219191714,0.013373231,125,1.75,6010,105,138,PABU,74.34537669460259,2.676010783616718,2,TRUE,0.3288038767319286,0.013965402851775222,TRUE
Painted Redstart,0.180954997,0.099091012,125,2,6880,105,138,NA,NA,NA,NA,FALSE,NA,NA,FALSE
Palm Warbler,0.265520256,0.008448309,125,2,6720,105,138,PAWA,77.79649021609741,5.238979305132844,7,TRUE,0.34148825989347764,0.010212170335428594,TRUE
Peregrine Falcon,0.242902263,0.002934963,300,1.25,3560,220,330,PEFA,200.01630092700717,15.732703875154044,7,TRUE,0.020582838248291987,NA,TRUE
Phainopepla,0.318642933,0.0145247,125,1.5,6200,105,138,PHAI,138.00661481095972,13.416079594327243,5,TRUE,0.23600018838782608,0.023123854421931433,TRUE
Philadelphia Vireo,0.179034235,0.008993391,125,2,6260,105,138,PHVI,68.61745359320825,3.7092938149830132,3,TRUE,0.37416243561071116,0.024266355937192563,TRUE
Pileated Woodpecker,0.531071086,0.007285076,300,2,4050,220,330,PIWO,107.15633588710267,1.0089396682720064,6,TRUE,0.13967082719444238,0.0032906375605108173,TRUE
Pine Grosbeak,0.194545309,0.00688874,125,2,5150,105,138,PIGR,77.33073467703778,1.0159842101936505,1,TRUE,0.17666935926495805,0.014888980587746486,TRUE
Pine Siskin,0.320507011,0.025718467,100,1.5,5330,84,110,PISI,60.397806573413376,0.6053529539979436,2,TRUE,0.19516156102541374,0.003027899909339382,TRUE
Pine Warbler,0.092765876,0.010964286,125,2,6710,105,138,PIWA,57.49110208001036,0.3774603142942894,9,TRUE,0.26947138922739844,0.003288252461975394,TRUE
Pinyon Jay,0.276028144,0.039592912,300,1.25,4920,220,330,PIJA,131.12922751481287,4.562937893572894,5,TRUE,0.3694908646438935,0.009805888742095148,TRUE
Plain Chachalaca,0.498371083,0.136438789,300,2,3110,220,330,NA,NA,NA,NA,FALSE,NA,NA,FALSE
Plumbeous Vireo,0.328010835,0.012195375,125,2,6292,105,138,PLVI,88.28045289393896,0.7503707051334487,1,TRUE,0.40889610026388545,0.009423200059968773,TRUE
Prairie Falcon,0.347099863,0.003094445,300,2,3550,220,330,PRFA,379.71250585465646,138.16911436482866,1,TRUE,0.1925459579642839,0.04320765747592192,TRUE
Prairie Warbler,0.199783094,0.00775599,125,2,6730,105,138,PRAW,51.70349157836364,0.6442571738631102,3,TRUE,0.30644876756620804,0.0040312376836211805,TRUE
Prothonotary Warbler,0.170661673,0.007759922,125,2,6370,105,138,PROW,52.213050606349555,1.0704080320200688,6,TRUE,0.2594787417304837,0.006106239925432189,TRUE
Purple Finch,0.208481863,0.010983563,125,2,5170,105,138,PUFI,76.99223302402311,0.9938861561739003,8,TRUE,0.1379945759640366,0.009275117591250326,TRUE
Purple Martin,0.24446211,0.028144531,200,1.25,6110,140,220,PUMA,66.98667127937463,0.6477353251620457,7,TRUE,0.15157528814516733,0.015832611061701612,TRUE
Pygmy Nuthatch,0.462447564,0.023220006,125,1.75,7300,105,138,PYNU,56.289217650938866,1.2205928616940867,5,TRUE,0.2789807972167006,0.013504853998025312,TRUE
Pyrrhuloxia,0.172854465,0.013073557,200,1.75,5940,140,220,PYRR,103.54420290505874,2.3159309710494114,3,TRUE,0.40044094725401963,0.04128248952579877,TRUE
Red Crossbill,0.337778176,0.023354528,125,1.5,5210,105,138,RECR,73.01414482017145,1.03066289646506,8,TRUE,0.18163163417090772,0.007610989497066845,TRUE
Red-bellied Woodpecker,0.364972699,0.012239403,200,1.75,4090,140,220,RBWO,89.4343042718575,0.6861636598577405,5,TRUE,0.1900646137500706,0.002742671032657573,TRUE
Red-breasted Nuthatch,0.218424232,0.008984852,125,1.75,7280,105,138,RBNU,87.8553714191278,0.588892491723243,7,TRUE,0.2424168540871558,0.0031705310404784026,TRUE
Red-breasted Sapsucker,0.221030989,0.007558361,125,1.5,4030,105,138,RBSA,62.284764691925005,1.350737735720358,6,TRUE,0.04401709302700714,0.013679389762374698,TRUE
Red-cockaded Woodpecker,0.27959732,0.034920096,125,1.5,3950,105,138,RCWO,51.858563406893865,2.269129413774529,7,TRUE,0.12399727155286605,0.02290835000755427,TRUE
Red-eyed Vireo,0.250511261,0.017879662,125,2,6240,105,138,REVI,79.8617728703121,0.2449380777990342,9,TRUE,0.3741663676289788,0.0016490876913451968,TRUE
Red-faced Warbler,0.148410299,0.009848297,125,2,6900,105,138,RFWA,63.739568852995276,1.9404714645258352,3,TRUE,0.4460079451405406,0.035056666934053016,TRUE
Red-headed Woodpecker,0.27695727,0.007585097,200,1.25,4060,140,220,RHWO,88.75763906912483,1.6158213463823046,8,TRUE,0.1984350406460182,0.00624064546479533,TRUE
Red-naped Sapsucker,0.203846865,0.008044308,125,2,4021,105,138,RNSA,82.1120124248145,3.4011474044332033,2,TRUE,0.18208085981880043,0.012789962566483626,TRUE
Red-shouldered Hawk,0.310636921,0.00749664,200,2,3390,140,220,RSHA,110.61724519195673,3.4697094775389417,2,TRUE,0.15485020165929544,0.007137259612109592,TRUE
Red-tailed Hawk,0.437107989,0.008314715,300,1.25,3370,220,330,RTHA,149.17061378747368,3.280824354320714,9,TRUE,0.28933464363566086,0.013008086956415754,TRUE
Red-winged Blackbird,0.294722634,0.048341194,200,1.25,4980,140,220,RWBL,99.10268422479751,0.1957800339887683,9,TRUE,0.32298023715015756,0.0025393025944124292,TRUE
Ring-necked Pheasant,0.748822706,0.0176056,300,2,3091,220,330,RNEP,213.04932946390963,4.625746560165936,7,TRUE,0.24237404909149407,0.013406644888041719,TRUE
Rock Pigeon,0.541589606,0.032519759,200,1,3131,140,220,ROPI,129.8002957695782,0.8502665920429706,8,TRUE,0.17866182973108333,0.008535252522164083,TRUE
Rock Ptarmigan,0.516304491,0.161395519,125,2,3020,105,138,ROPT,NA,NA,3,FALSE,0.32300879663930687,0.0670803053717951,TRUE
Rock Wren,0.245743709,0.009882728,200,2,7150,140,220,ROWR,152.28796588151408,3.565086549573323,6,TRUE,0.457603284504007,0.0059120793797616256,TRUE
Rose-breasted Grosbeak,0.152079089,0.007135443,200,2,5950,140,220,RBGR,99.55842997458967,0.915673615905888,9,TRUE,0.22077030263657113,0.004405063302588025,TRUE
Rough-legged Hawk,0.429513809,0.219098555,300,2,3470,220,330,NA,NA,NA,NA,FALSE,NA,NA,FALSE
Ruby-crowned Kinglet,0.135844836,0.011392073,125,2,7490,105,138,RCKI,92.75051684998516,1.1577490830779311,3,TRUE,0.36948633090396565,0.0035561985521727624,TRUE
Ruby-throated Hummingbird,0.296114683,0.004821445,50,2,4280,26,55,RTHU,35.049404164929676,0,1,TRUE,0.07267223980306729,0.00576395832107747,TRUE
Ruffed Grouse,0.338156837,0.007402574,200,2,3000,140,220,RUGR,103.59004211007016,2.281231328236572,7,TRUE,0.23305226653803784,0.010366344077172324,TRUE
Rufous Hummingbird,0.310051644,0.008407568,50,1.5,4330,26,55,RUHU,25.28621069045783,0.5189246293254826,1,TRUE,0.12731214092368226,0.01908219270585776,TRUE
Rufous-crowned Sparrow,0.35990617,0.014617059,200,2,5800,140,220,RCSP,83.26653332724233,1.4119140948993447,3,TRUE,0.34919066727474196,0.021772764964945956,TRUE
Rufous-winged Sparrow,0.332798461,0.023386542,200,1.75,5790,140,220,RWSP,50.293511816245896,1.2150853204446292,3,TRUE,0.19734607615304964,0.12736716515618915,TRUE
Rusty Blackbird,0.355534902,0.008725154,125,1.75,5090,105,138,RUBL,79.304104560892,1.6632693465716244,3,TRUE,0.1265329997371605,0.0197925096932553,TRUE
Sage Thrasher,0.1967526,0.015607969,200,2,7020,140,220,SATH,174.20965479620148,1.491564915800069,7,TRUE,0.6483068727202547,0.010238272132855442,TRUE
Sagebrush Sparrow,0.358413472,0.061624713,200,2,5738,140,220,SABS,108.06234664465333,2.7234272526462178,7,TRUE,0.5384079464990444,0.009429606186774242,TRUE
Saltmarsh Sparrow,0.457471505,0.125282849,125,1.25,5490,105,138,NA,NA,NA,NA,FALSE,NA,NA,FALSE
Savannah Sparrow,0.357062427,0.025102403,125,2,5420,105,138,SAVS,89.90525210151485,0.4008583403178676,9,TRUE,0.32304949477865746,0.0050832624280813254,TRUE
Say's Phoebe,0.942517033,0.009950062,200,2,4570,140,220,SAPH,158.72682468910264,2.545095422072251,9,TRUE,0.27461438126774196,0.01848583288994332,TRUE
Scaled Quail,0.533186089,0.016925686,200,1.75,2930,140,220,SCQU,213.83232193063645,22.951003998933345,1,TRUE,0.3373786604838749,0.014449859225787898,TRUE
Scarlet Tanager,0.101735649,0.006773229,200,2,6080,140,220,SCTA,63.47006910476934,0.5474369119777265,5,TRUE,0.24341157480879322,0.003250970774364481,TRUE
Scissor-tailed Flycatcher,0.27142701,0.021457588,200,2,4430,140,220,STFL,88.61042703500418,6.065794341544418,4,TRUE,0.08876346350019619,0.02833771281914746,TRUE
Scott's Oriole,0.238065553,0.008735328,125,1.75,5040,105,138,SCOR,125.1119590321631,3.3068280354804216,2,TRUE,0.2610917578354331,0.02218596380706689,TRUE
Seaside Sparrow,0.457471505,0.125282849,125,1.25,5500,105,138,NA,NA,NA,NA,FALSE,NA,NA,FALSE
Sedge Wren,0.459508553,0.012025593,125,2,7240,105,138,SEWR,95.43259190955733,1.2620551978544086,7,TRUE,0.24460252054544315,0.006789481555504573,TRUE
Sharp-shinned Hawk,0.19572212,0.001721087,125,2,3320,105,138,SSHA,72.54764115762431,2.1330231177832957,1,TRUE,0.1260987554835745,0.024364874209485576,TRUE
Sharp-tailed Grouse,0.307188253,0.010358181,200,2,3080,140,220,STGR,200.35514313827372,7.471879884944542,8,TRUE,0.10013633674834088,0.018496860206345125,TRUE
Short-eared Owl,0.381400506,0.008177428,200,1.75,3670,140,220,SEOW,206.74974984302298,38.043963294494944,1,TRUE,0.19232211192504656,0.029129578067897843,TRUE
Smith's Longspur,0.479198426,0.03584308,200,1.5,5370,140,220,NA,NA,NA,NA,FALSE,NA,NA,FALSE
Snow Bunting,0.477568371,0.036353088,200,1.75,5340,140,220,SNBU,NA,NA,5,FALSE,0.46839723484913515,0.06641406286577362,TRUE
Song Sparrow,0.377871011,0.025177923,125,2,5810,105,138,SOSP,84.01267715664251,0.254558855551295,7,TRUE,0.27854855956662655,0.002866970713145345,TRUE
Sooty Grouse,0.516304491,0.161395519,200,2,2971,140,220,SOGR,97.26268855693235,6.864494314913145,1,TRUE,0.2860806676764995,0.033765656716684134,TRUE
Spotted Owl,2.740272194,0.005507563,200,2,3690,140,220,NA,NA,NA,NA,FALSE,NA,NA,FALSE
Spotted Towhee,0.808232166,0.02023887,125,2,5880,105,138,SPTO,65.03715212692748,0.3710972367292982,6,TRUE,0.4329613509267591,0.0037213714794742114,TRUE
Sprague's Pipit,0.329678876,0.01811783,200,2,7000,140,220,SPPI,125.43645357149929,2.684493502681889,3,TRUE,0.7190333579768526,0.01835593442625416,TRUE
Spruce Grouse,0.516304491,0.161395519,50,2,2980,26,55,SPGR,76.20878169340338,17.61045061647517,7,TRUE,0.2964305195780545,0.05230851942104858,TRUE
Steller's Jay,0.183671434,0.011063169,200,1.25,4780,140,220,STJA,85.47243828960227,0.6181711397873926,5,TRUE,0.26566452126780815,0.005952123451736957,TRUE
Sulphur-bellied Flycatcher,0.309093639,0.270946381,200,1.75,4510,140,220,NA,NA,NA,NA,FALSE,NA,NA,FALSE
Summer Tanager,0.278798745,0.012069164,125,2,6100,105,138,SUTA,56.16861689138213,0.47791510871917353,7,TRUE,0.2738419594897128,0.004253104859785584,TRUE
Swainson's Hawk,0.14557514,0.006763745,300,1.5,3420,220,330,SWHA,238.96696848515367,7.8064352416889164,2,TRUE,0.23639164318182304,0.01520355939904594,TRUE
Swainson's Thrush,0.516449016,0.025017579,200,2,7580,140,220,SWTH,81.45544674444358,0.6716229468252379,8,TRUE,0.3536396244293044,0.003347795289571409,TRUE
Swainson's Warbler,0.334319283,0.004325713,200,2,6380,140,220,SWWA,59.75179394173461,2.3817856955082632,2,TRUE,0.24263871086866473,0.011607552295364199,TRUE
Swallow-tailed Kite,0.640378832,0.011657387,300,1.25,3270,220,330,NA,NA,NA,NA,FALSE,NA,NA,FALSE
Swamp Sparrow,0.505455805,0.013070146,125,2,5840,105,138,SWSP,92.47971563494961,0.9288072397694265,8,TRUE,0.24154561468093996,0.005586467145042157,TRUE
Tennessee Warbler,0.19793209,0.016972245,125,2,6470,105,138,TEWA,72.19879911914803,1.7522674756101253,7,TRUE,0.4179274868896739,0.004541154812014947,TRUE
Thick-billed Kingbird,0.287611169,0.196137195,200,2,4451,140,220,NA,NA,NA,NA,FALSE,NA,NA,FALSE
Townsend's Solitaire,0.117084632,0.005982225,200,2,7540,140,220,TOSO,103.84882135125814,1.9913285386373758,2,TRUE,0.26914116073044525,0.007782809174730787,TRUE
Townsend's Warbler,0.194158878,0.013715638,100,2,6680,84,110,TOWA,55.392478427625754,0.9398577417626868,7,TRUE,0.5599816599160017,0.010327477501855697,TRUE
Tree Swallow,0.136023938,0.016419183,200,1.75,6140,140,220,TRES,87.05762191364869,0.4533907011883258,8,TRUE,0.21452027058839515,0.0036433869061626156,TRUE
Tricolored Blackbird,0.294323111,0.048306448,200,1,5000,140,220,TRBL,73.61584138333343,1.7465679930649287,Roadside,TRUE,NA,NA,FALSE
Tufted Titmouse,0.165596732,0.012740487,200,1.25,7310,140,220,TUTI,63.19423609060018,0.1665120371372879,5,TRUE,0.25811880768260514,0.0021029908263798247,TRUE
Turkey Vulture,1.094905764,0.02839236,400,1.75,3250,320,440,TUVU,155.6934914324317,2.4641350167192684,9,TRUE,0.1115434923623638,0.007699192722100748,TRUE
Varied Bunting,0.342755297,0.067921347000000007,125,1.75,6000,105,138,NA,NA,NA,NA,FALSE,NA,NA,FALSE
Varied Thrush,0.836969707,0.023621132,200,2,7630,140,220,VATH,95.59632596843362,2.7219186743425894,8,TRUE,0.36293481834059654,0.009372271092085938,TRUE
Vaux's Swift,0.81044058,0.01750757,200,1.75,4240,140,220,VASW,64.38458568121268,1.3924349396209834,7,TRUE,0.0725092607085726,0.022621305730226457,TRUE
Veery,0.483652865,0.014851972,200,2,7560,140,220,VEER,98.70569511257258,0.6251864427219687,7,TRUE,0.25820108837032685,0.003610337473732017,TRUE
Verdin,0.216241891,0.01368995,125,1.5,7460,105,138,VERD,64.57466908605994,1.008830103884975,9,TRUE,0.21475554873796687,0.03844338995365226,TRUE
Vermilion Flycatcher,0.309093639,0.270946381,125,2,4710,105,138,NA,NA,NA,NA,FALSE,NA,NA,FALSE
Vesper Sparrow,0.395480333,0.023570974,200,2,5400,140,220,VESP,116.58662500383717,0.42644754585097644,8,TRUE,0.42415084271285497,0.004407967850594774,TRUE
Violet-green Swallow,0.195622727,0.024180882,200,1.5,6150,140,220,VGSW,70.57053744350975,1.3210790206792637,9,TRUE,0.19981921961713295,0.008126961939269262,TRUE
Virginia's Warbler,0.123544103,0.007611996,125,2,6440,105,138,VIWA,70.28806000949693,0.665228265630148,4,TRUE,0.4196053657350696,0.012352755270722271,TRUE
Warbling Vireo,0.230417562,0.011166342,125,2,6270,105,138,WAVI,80.57067358435496,0.4730090494040695,9,TRUE,0.42305731033138916,0.005699086817752219,TRUE
Western Bluebird,0.696104544,0.017579858,125,2,7670,105,138,WEBL,61.46961400252441,1.4744613853381594,1,TRUE,0.21247593368159348,0.011810039557348578,TRUE
Western Kingbird,0.592717171,0.021322477,200,2,4470,140,220,WEKI,89.7725184137885,1.6695119490183004,4,TRUE,0.24156797749489736,0.006845946033317479,TRUE
Western Meadowlark,0.27317075,0.029996622,200,1.5,5011,140,220,WEME,171.90815790839468,0.34089059790613874,7,TRUE,0.6631213612325583,0.002661682525997633,TRUE
Western Screech-Owl,2.687968772,0.002995476,125,2,3732,105,138,NA,NA,NA,NA,FALSE,NA,NA,FALSE
Western Scrub-Jay,0.162746284,0.013553083,200,1.25,4810,140,220,NA,NA,NA,NA,FALSE,NA,NA,FALSE
Western Tanager,0.447457356,0.014480276,200,2,6070,140,220,WETA,79.35087359725604,0.4848576425911091,8,TRUE,0.4081819409026597,0.0037237432288734773,TRUE
Western Wood-Pewee,0.114093527,0.013682786,200,2,4620,140,220,WEWP,87.39042100726532,0.8273183117560166,7,TRUE,0.4369906214336885,0.00520102455612681,TRUE
White-breasted Nuthatch,0.300171347,0.007606023,125,1.5,7270,105,138,WBNU,65.55807068108216,0.2334016750993868,9,TRUE,0.190773000920496,0.0040546657148321785,TRUE
White-crowned Sparrow,0.735826366,0.024616882,200,2,5540,140,220,WCSP,95.84090186694105,1.3918724333380084,7,TRUE,0.3091596854913865,0.005004057755079339,TRUE
White-eyed Vireo,0.345526823,0.014272054,125,2,6310,105,138,WEVI,53.324005420080894,0.1832124396574244,9,TRUE,0.3235836114327592,0.005011861901746351,TRUE
White-headed Woodpecker,0.27959732,0.034920096,125,2,3990,105,138,WHWO,79.71168316135714,3.5144603781503037,1,TRUE,0.18775274426586977,0.028690876278786637,TRUE
White-tailed Kite,0.393264523,0.22105359,300,1.5,3280,220,330,WTKI,171.52813344015183,5.509444689444109,Intercept,TRUE,NA,NA,FALSE
White-throated Sparrow,0.810191169,0.028959236,200,2,5580,140,220,WTSP,124.94544438161154,0.7914175627295208,8,TRUE,0.278888612620209,0.002569824232128093,TRUE
White-throated Swift,1.44612641,0.03742553,200,1.25,4250,140,220,WTSW,94.51246732529388,3.328874263829121,8,TRUE,0.3564543029976666,0.015998152236511798,TRUE
White-winged Crossbill,0.315993228,0.034746756,125,1.25,5220,105,138,WWCR,86.29982424285096,2.3997287282955284,3,TRUE,0.13726935563976106,0.00785581198270105,TRUE
White-winged Dove,0.154560911,0.01908313,200,1.5,3190,140,220,WWDO,140.26979122413374,15.44627696167052,3,TRUE,0.33066197613586384,0.02743772446048981,TRUE
Wild Turkey,0.501379602,0.011786697,300,1.75,3100,220,330,WITU,129.22455138647362,3.2251045297228984,4,TRUE,0.21575045610953664,0.008725107660239095,TRUE
Williamson's Sapsucker,0.129722328,0.00726301,125,1.5,4040,105,138,WISA,83.23739124367064,1.9520306062059376,3,TRUE,0.20274298089119638,0.02371936619571982,TRUE
Willow Flycatcher,0.192252001,0.007418508,125,2,4660,105,138,WIFL,94.23219751884155,1.8623306368619268,7,TRUE,0.3160446908677323,0.01842328912908009,TRUE
Willow Ptarmigan,0.516304491,0.161395519,125,2,3010,105,138,WIPT,144.99044650312072,5.7112865813007545,9,TRUE,0.02469907759816082,0,TRUE
Wilson's Warbler,0.150728497,0.010994367,100,2,6850,84,110,WIWA,52.442166687090534,0.5027843589050605,9,TRUE,0.3015562291319605,0.009368135533541266,TRUE
Winter Wren,0.450595909,0.010210473,200,1.75,7222,140,220,WIWR,112.63603286014508,1.3613283470717619,9,TRUE,0.32085928314676154,0.006664581484353838,TRUE
Wood Thrush,0.841982739,0.014786107,200,2,7550,140,220,WOTH,92.81549111164298,0.8115140001217753,9,TRUE,0.29431804889940844,0.0045865017501035,TRUE
Worm-eating Warbler,0.308009094,0.006566743,125,2,6390,105,138,WEWA,43.33949593910025,0.197953740231533,6,TRUE,0.2732914777399053,0.006605464138676187,TRUE
Wrentit,0.568239126,0.018344846,200,2,7420,140,220,WREN,97.8188527405069,0.5552926578736361,5,TRUE,0.22791435210761143,0.01436125810798089,TRUE
Yellow Warbler,0.100828316,0.012896374,125,2,6520,105,138,YEWA,80.00684716662998,0.4952970270572905,7,TRUE,0.32172127467510336,0.0036648611490208705,TRUE
Yellow-bellied Flycatcher,0.180646794,0.007272063,125,2,4630,105,138,YBFL,82.06562496382121,0.5478287006326923,7,TRUE,0.31387946220686447,0.00787885259729948,TRUE
Yellow-bellied Sapsucker,0.505398175,0.010805358,125,1.5,4020,105,138,YBSA,103.8855700645593,1.1848030901218465,6,TRUE,0.14389600912198278,0.003315737354142839,TRUE
Yellow-billed Cuckoo,0.322683865,0.010071364,200,2,3870,140,220,YBCU,80.38952187353024,0.7012137211012259,9,TRUE,0.16125504862067905,0.004014106491916886,TRUE
Yellow-billed Magpie,0.23569267,0.020256739,300,1.5,4760,220,330,YBMA,67.54574098552938,4.608068159472552,Roadside,TRUE,NA,NA,FALSE
Yellow-breasted Chat,0.530142376,0.016546429,200,2,6830,140,220,YBCH,75.02973150591293,0.266407001094052,8,TRUE,0.3277496320260794,0.0038698108669303344,TRUE
Yellow-eyed Junco,0.54144219,0.066924724,125,1.5,5700,105,138,NA,NA,NA,NA,FALSE,NA,NA,FALSE
Yellow-headed Blackbird,0.352608969,0.031402487,200,1,4970,140,220,YHBL,91.68926441976885,1.3532026317683972,6,TRUE,0.34470940485639223,0.006823286286675834,TRUE
Yellow-rumped Warbler,0.260143255,0.050020994,125,2,6550,105,138,YRWA,67.13739481047651,0.3072725663888889,6,TRUE,0.3287032057659386,0.001917711211689821,TRUE
Yellow-throated Vireo,0.234056711,0.007699809,125,2,6280,105,138,YTVI,65.01034733617807,0.857550519459366,7,TRUE,0.2224670540131432,0.006595334631772476,TRUE
Yellow-throated Warbler,0.10886397,0.007825739,125,2,6630,105,138,YTWA,51.797180882790315,0.42546534442374195,5,TRUE,0.22451458823178921,0.007167067474547373,TRUE
Zone-tailed Hawk,0.429513809,0.219098555,300,2,3400,220,330,NA,NA,NA,NA,FALSE,NA,NA,FALSE
