cn,TimeAdj.meanlog,TimeAdj.sdlog,Dist2,Pair2,Aou,Dist.Lower,Dist.Upper,Species,edr,edr_sd,EDR_model,use_edr,availability,availability_sd,availability_model,use_availability,availability_log_scaled,availability_sd_log_scaled
Abert's Towhee,0.926068294,0.03279521,125,2,5920,105,138,NA,NA,NA,NA,FALSE,NA,NA,NA,FALSE,NA,NA
Acadian Flycatcher,0.219216886,0.007581933,125,2,4650,105,138,ACFL,42.77819502676265,0.1504056752501377,Intercept,TRUE,0.6540419928041001,0.004735792362080882,6,TRUE,0.4245837204056784,0.007240934346028655
Acorn Woodpecker,0.261513967,0.032915038,200,1.75,4070,140,220,ACWO,114.21030708171595,0.8216507661377932,Intercept,TRUE,0.44828899444228965,0.015835698800075848,3,TRUE,0.8023171776596976,0.0353394589864921
Alder Flycatcher,0.279321986,0.014289896,125,2,4661,105,138,ALFL,101.3072364951446,1.0159022676478884,Roadside,TRUE,0.6076639517198699,0.00705388664091211,7,TRUE,0.49813326080404957,0.011608724665234188
Allen's Hummingbird,0.291735312,0.022923659,50,1.25,4340,26,55,ALHU,31.920461218635108,0.3475248207801478,Intercept,TRUE,0.36385722640080564,0.0873366597295751,3,TRUE,1.0109937234523505,0.24480597473924404
Altamira Oriole,0.134838091,0.034837138,125,1.75,5031,105,138,NA,NA,NA,NA,FALSE,NA,NA,NA,FALSE,NA,NA
American Crow,0.509424135,0.035825627,400,1.75,4880,320,440,AMCR,182.39456724196592,0.61659310338257,Intercept,TRUE,0.5320132154762535,0.0030631415429835385,9,TRUE,0.631086948828251,0.005757705453007078
American Dipper,0.120627704,0.002232302,125,1.75,7010,105,138,AMDI,52.340133040570365,1.7320968573401316,Intercept,TRUE,0.30391387006482085,0.06872475491093233,1,TRUE,1.1910109398744142,0.23010959016492355
American Goldfinch,0.311311237,0.018869851,125,1.25,5290,105,138,AMGO,79.72972928415524,0.19612648541684052,Intercept,TRUE,0.28401946108358045,0.006116466814811927,3,TRUE,1.258712518226473,0.021538709370467868
American Kestrel,0.290453514,0.006693885,200,1.25,3600,140,220,AMKE,135.30033317083792,1.828271146630712,Intercept,TRUE,0.262999884061174,0.023858847691601293,1,TRUE,1.3356016876365076,0.09096819125097422
American Pipit,0.331264898,0.018339887,200,2,6970,140,220,AMPI,89.35187410585615,0.9306274386153035,Intercept,TRUE,0.45067803503239146,0.03699431036900519,7,TRUE,0.7970020857019084,0.0822710126057214
American Redstart,0.081164913,0.00961596,100,2,6870,84,110,AMRE,66.98753550383428,0.4577744887639099,Roadside,TRUE,0.5988246533975898,0.00414162200758833,7,TRUE,0.5127864559455197,0.00691636194920936
American Robin,0.816820459,0.040591642,200,2,7610,140,220,AMRO,95.12331746126343,0.14749212507476273,Intercept,TRUE,0.5323337905726966,0.0032855106964171377,9,TRUE,0.6304845605012952,0.006171977945336915
American Three-toed Woodpecker,0.231914705,0.005639455,125,1.5,4010,105,138,ATTW,87.00106175895822,1.392541074884214,Intercept,TRUE,0.5132388353967325,0.024128517845513786,2,TRUE,0.6670139760781252,0.047046941292110955
American Tree Sparrow,0.48677923,0.263794299,200,2,5590,140,220,ATSP,100.29968657666859,0.9906036890560088,Intercept,TRUE,0.4620319877002963,0.019544392491551876,5,TRUE,0.7721211528506708,0.04232620885563815
Anna's Hummingbird,0.188295714,0.007918482,50,2,4310,26,55,ANHU,41.23949557489253,0.321709223044504,Intercept,TRUE,0.3352297561520824,0.026490495528634972,1,TRUE,1.0929391429773898,0.07918701186471255
Arctic Warbler,0.336241881,0.212251379,125,2,7470,105,138,ARWA,109.92340521745213,3.068024004226494,Intercept,TRUE,0.4598276017700824,0.04326025031091235,1,TRUE,0.7769036385067986,0.09435832717746884
Arizona Woodpecker,0.27959732,0.034920096,125,1.75,3975,105,138,NA,NA,NA,NA,FALSE,NA,NA,NA,FALSE,NA,NA
Ash-throated Flycatcher,0.285893654,0.012720806,200,1.5,4540,140,220,ATFL,91.29242175575797,0.44868375034018015,Intercept,TRUE,0.6527051939244264,0.009622559137894227,6,TRUE,0.42662971577430236,0.014743649127618635
Audubon's Oriole,0.134838091,0.034837138,125,2,5030,105,138,NA,NA,NA,NA,FALSE,NA,NA,NA,FALSE,NA,NA
Bachman's Sparrow,0.353020961,0.010014486,200,2,5750,140,220,BACS,87.9255686166431,1.0502439790485454,Intercept,TRUE,0.5124532469050708,0.01972567966946709,7,TRUE,0.6685457976819589,0.03851167079893053
Baird's Sparrow,0.347885573,0.018872062,125,2,5450,105,138,BAIS,82.19157020107913,1.1917688984586263,Intercept,TRUE,0.7694794396802329,0.008182238153906729,6,TRUE,0.26204104512418847,0.010633872906045172
Bald Eagle,0.531446599,0.005017049,300,1.25,3520,220,330,BAEA,155.156629030088,13.119104552335841,Roadside,TRUE,0.35218851692227526,0.03341971995964155,4,TRUE,1.0435886873065308,0.09517792905972317
Baltimore Oriole,0.141448158,0.008339067,125,1.75,5070,105,138,BAOR,87.22893173978561,0.652704287657599,Roadside,TRUE,0.36560467452174694,0.010678903098740034,2,TRUE,1.006202653592888,0.029217190948655714
Band-tailed Pigeon,0.445606274,0.021296333,200,1.75,3120,140,220,BTPI,108.56669320725304,1.2812753337425136,Intercept,TRUE,0.198802369415777,0.0401322464369564,2,TRUE,1.6154440662402618,0.2046812959297053
Bank Swallow,0.642518351,0.054160354,200,1,6160,140,220,BANS,126.27933157692652,0.8027595541745143,Roadside,TRUE,0.6106053230829935,0.017024942550592614,9,TRUE,0.4933044809286723,0.027889302226572016
Barn Owl,1.639980926,0.005870793,200,2,3650,140,220,NA,NA,NA,NA,FALSE,NA,NA,NA,FALSE,NA,NA
Barn Swallow,0.288208703,0.028063207,200,1.5,6130,140,220,BARS,87.11248739430235,0.2678131755697777,Intercept,TRUE,0.4241434880485373,0.008986442882393586,7,TRUE,0.857683465790876,0.021190441844934904
Barred Owl,2.246063781,0.003138642,200,2,3680,140,220,BADO,117.4802928968079,3.2043198632533034,Intercept,TRUE,0.29265213087588116,0.030282323519756904,8,TRUE,1.2287706419596742,0.10384719402108122
Bay-breasted Warbler,0.153659869,0.007650575,80,2,6600,56,88,BBWA,58.87440121422111,2.9130002275247833,Roadside,TRUE,0.569974529992671,0.011864539494741144,4,TRUE,0.5621636033752951,0.02081891902109706
Bell's Sparrow,0.356608677,0.06387064,200,2,5739,140,220,NA,NA,NA,NA,FALSE,NA,NA,NA,FALSE,NA,NA
Bell's Vireo,0.180378292,0.007557468,125,2,6330,105,138,BEVI,102.68344498262016,2.483143946889399,Intercept,TRUE,0.6993855043705838,0.021187900961951223,1,TRUE,0.3575531803746446,0.03030429770892837
Belted Kingfisher,0.290382383,0.001070783,200,2,3900,140,220,BEKI,92.3535128462774,2.126702946502796,Roadside,TRUE,0.323318098483097,0.026824318033338956,7,TRUE,1.1291186153564248,0.083156867197964
Bendire's Thrasher,0.151208587,0.03780064,200,2,7080,140,220,NA,NA,NA,NA,FALSE,NA,NA,NA,FALSE,NA,NA
Bewick's Wren,0.263952086,0.012017096,200,1.75,7190,140,220,BEWR,73.18269369926132,0.29727252827788675,Intercept,TRUE,0.6719174475779409,0.009580421662497507,6,TRUE,0.39761979187131824,0.014259297789526532
Bicknell's Thrush,0.440536327,0.077167878,200,2,7571,140,220,NA,NA,NA,NA,FALSE,NA,NA,NA,FALSE,NA,NA
Black Phoebe,0.490597113,0.0123837,125,1.5,4580,105,138,BLPH,61.17494839887773,0.6946479445338802,Intercept,TRUE,0.3676428263723184,0.03188797665036869,1,TRUE,1.0006433926414666,0.0869547932139762
Black Rosy-Finch,0.244353977,0.088929258,125,1.5,5250,105,138,NA,NA,NA,NA,FALSE,NA,NA,NA,FALSE,NA,NA
Black Swift,0.419278592,0.342734085,200,1.25,4220,140,220,NA,NA,NA,NA,FALSE,NA,NA,NA,FALSE,NA,NA
Black Vulture,1.046186196,0.034351103,400,1.5,3260,320,440,BLVU,103.69421571849061,3.5062033658362566,Intercept,TRUE,0.31786812960939137,0.02925876418967699,1,TRUE,1.146118668971214,0.09230815212799137
Black-and-white Warbler,0.152823762,0.008002952,100,2,6360,84,110,BAWW,58.470282947408684,0.4277756010513336,Roadside,TRUE,0.5094617680960157,0.004083910374867439,4,TRUE,0.6744004672192211,0.008016298982638725
Black-backed Woodpecker,0.427240724,0.004502838,125,1.5,4000,105,138,BBWO,86.194460810781,7.513107292021651,Roadside,TRUE,0.46064195395941243,0.0281851029291752,2,TRUE,0.7751342102911,0.06126310251731154
Black-billed Cuckoo,0.283172906,0.005624163,200,2,3880,140,220,BBCU,136.82854755308028,2.4656824396811174,Intercept,TRUE,0.29576797622578876,0.024454670992494987,4,TRUE,1.218179996142248,0.0828711327199192
Black-billed Magpie,0.235896152,0.020103119,300,1.75,4750,220,330,BBMA,195.19129799269305,1.7995355265922512,Intercept,TRUE,0.6205894707942811,0.009030239694088893,3,TRUE,0.47708549328277844,0.014552095282115068
Blackburnian Warbler,0.191437754,0.009454552,80,2,6620,56,88,BLBW,62.96444226203825,0.9135013705676016,Roadside,TRUE,0.5442395257477732,0.009399575033928964,9,TRUE,0.6083658243484505,0.01727274361939124
Black-capped Chickadee,0.378610362,0.015744777,125,2,7350,105,138,BCCH,77.5676594432105,0.40228419299999985,Roadside,TRUE,0.42395407102632787,0.006034099428772033,9,TRUE,0.8581301526686581,0.014233869526539544
Black-capped Vireo,0.252790135,0.052592429,125,2,6300,105,138,NA,NA,NA,NA,FALSE,NA,NA,NA,FALSE,NA,NA
Black-chinned Hummingbird,0.261764193,0.005802987,50,1.5,4290,26,55,BCHU,49.20322344504591,2.6242482427509337,Roadside,TRUE,0.33890455963628596,0.04937140765579223,1,TRUE,1.0820367462363103,0.14672326881911296
Black-chinned Sparrow,0.48677923,0.263794299,200,1.75,5650,140,220,BCSP,94.02576014315389,2.1418305963621265,Intercept,TRUE,0.4577029206582477,0.12030565649293384,9,TRUE,0.7815349501800256,0.2691638232122888
Black-crested Titmouse,0.167287607,0.015324212,200,1.25,7320,140,220,BCTI,111.36818868509025,4.601322232599557,Intercept,TRUE,0.6063203526431571,0.05142645909999827,2,TRUE,0.5003467978662534,0.08502158001415472
Black-headed Grosbeak,0.35677819,0.014358481,125,2,5960,105,138,BHGR,79.05272019307448,0.249217210778923,Intercept,TRUE,0.6338596056512023,0.005904963054610857,7,TRUE,0.455927791257386,0.009316154291888257
Blackpoll Warbler,0.036936066,0.007389098,80,2,6610,56,88,BLPW,46.238747999655075,0.6471958726577682,Intercept,TRUE,0.5221966038840302,0.03477392025447612,9,TRUE,0.6497111262157932,0.06669031969432193
Black-tailed Gnatcatcher,0.507418109,0.013481356,80,1.75,7520,56,88,BTGN,46.884609609496366,1.2441199216166936,Intercept,TRUE,0.8512854006048965,0.055671727884196054,7,TRUE,0.1610078357694324,0.06549072468409743
Black-throated Blue Warbler,0.123733234,0.007484617,125,2,6540,105,138,BTBW,66.1399070023308,0.8832285591843174,Roadside,TRUE,0.5189909337799032,0.011103180832211068,9,TRUE,0.6558688646009977,0.021397050561182906
Black-throated Gray Warbler,0.234857209,0.011166783,125,2,6650,105,138,BTYW,66.74320493399786,0.3111703453781587,Intercept,TRUE,0.6906254237485455,0.00607547400195485,3,TRUE,0.37015768070365307,0.00879728797088783
Black-throated Green Warbler,0.123030348,0.008231303,125,2,6670,105,138,BTNW,79.64656355923171,0.6506617504552565,Roadside,TRUE,0.5748809782376794,0.0049989462993255684,9,TRUE,0.5535922539803311,0.008695838774852416
Black-throated Sparrow,0.536376292,0.030266055,125,2,5730,105,138,BTSP,93.59055361745216,0.557127704412558,Intercept,TRUE,0.684424018857176,0.008041402259214625,5,TRUE,0.3791776428148909,0.011749693299704184
Black-whiskered Vireo,0.252790135,0.052592429,125,2,6230,105,138,BWVI,NA,NA,NA,FALSE,0.4742460615772486,0.02636402719138481,4,TRUE,0.7460289747302289,0.05564882525480497
Blue Grosbeak,0.425252098,0.010625576,125,2,5970,105,138,BLGR,95.14302487049093,0.8641457572876163,Intercept,TRUE,0.5672639907175849,0.013411401329624928,6,TRUE,0.5669304915142468,0.023646663957905822
Blue Jay,0.196211491,0.011653135,200,1.25,4770,140,220,BLJA,110.1243519373671,0.2969592320254293,Intercept,TRUE,0.3930302284885667,0.0038527729268911792,7,TRUE,0.933868752797151,0.009803053464597866
Blue-gray Gnatcatcher,0.507549726,0.013481573,50,1.75,7510,26,55,BGGN,37.75155863781345,0.11659542860946104,Intercept,TRUE,0.5733177340212983,0.005355486961006073,9,TRUE,0.5563152063152819,0.009341491500675925
Blue-headed Vireo,0.191732584,0.009143537,125,2,6290,105,138,BHVI,60.110866546694645,0.27342245824831934,Intercept,TRUE,0.4978324627616514,0.007374924301954355,7,TRUE,0.697491678716767,0.014815152519590091
Bluethroat,0.336241881,0.212251379,200,1.5,7640,140,220,NA,NA,NA,NA,FALSE,NA,NA,NA,FALSE,NA,NA
Blue-throated Hummingbird,0.282947489,0.030666539,50,1.5,4270,26,55,NA,NA,NA,NA,FALSE,NA,NA,NA,FALSE,NA,NA
Blue-winged Warbler,0.245414125,0.00681225,125,2,6410,105,138,BWWA,51.810188951278796,1.828230144433899,Roadside,TRUE,0.47832724518985836,0.016910799538839172,1,TRUE,0.7374601673636049,0.03536877868734556
Boat-tailed Grackle,0.627797265,0.044839671,200,1.25,5130,140,220,BTGR,50.8451465983264,1.5646645153982988,Intercept,TRUE,0.24036054497879822,0.05407830727561602,8,TRUE,1.4256152121750036,0.22890420924967458
Bobolink,0.240408992,0.018723365,200,1.75,4940,140,220,BOBO,109.92444312348668,0.5781334427205849,Roadside,TRUE,0.5551908125464433,0.007284731608998396,9,TRUE,0.5884434179335887,0.013121884483586699
Bohemian Waxwing,0.251637205,0.021000969,125,1.75,6180,105,138,BOWA,55.09180864667264,1.460398472812571,Intercept,TRUE,NA,NA,1,FALSE,NA,NA
Boreal Chickadee,0.123606521,0.006154629,80,1.25,7400,56,88,BOCH,44.55816310360669,0.43572252657455124,Intercept,TRUE,0.3966513841806515,0.021710187577726303,3,TRUE,0.9246975095625347,0.05478842910757287
Boreal Owl,0.805016534,0.006968846,200,2,3710,140,220,NA,NA,NA,NA,FALSE,NA,NA,NA,FALSE,NA,NA
Botteri's Sparrow,0.332798461,0.023386542,200,1.75,5760,140,220,BOSP,72.98544135195603,2.2622865621496686,Intercept,TRUE,0.8270312155932449,0.028828950664281094,6,TRUE,0.1899128390925033,0.034872487732713994
Brewer's Blackbird,0.285067694,0.042310849,200,1.25,5100,140,220,BRBL,79.60321680460477,0.33577972616556906,Intercept,TRUE,0.5155620219687036,0.008719434894963074,7,TRUE,0.6624976685650038,0.01691409764937446
Brewer's Sparrow,0.554371096,0.03152307,200,2,5620,140,220,BRSP,88.3375320752105,0.24436481179620984,Intercept,TRUE,0.7574075592247533,0.003978771224492583,9,TRUE,0.27785378307209885,0.005253192650904848
Bridled Titmouse,0.167287607,0.015324212,200,1.75,7340,140,220,NA,NA,NA,NA,FALSE,NA,NA,NA,FALSE,NA,NA
Broad-billed Hummingbird,0.282947489,0.030666539,50,1.5,4410,26,55,NA,NA,NA,NA,FALSE,NA,NA,NA,FALSE,NA,NA
Broad-tailed Hummingbird,0.270066821,0.013827063,80,1.75,4320,56,88,BTHU,41.682269395086635,0.2675572347082458,Intercept,TRUE,0.5068849300736371,0.014776018247678269,3,TRUE,0.6794712635302265,0.02915889753359363
Broad-winged Hawk,0.923824468,0.001843574,125,2,3430,105,138,BWHA,86.70131403843229,2.8784744289646937,Roadside,TRUE,0.3041714429517828,0.02497104018180296,2,TRUE,1.1901637794617126,0.08228046148693402
Bronzed Cowbird,0.196381735,0.015392618,125,1.25,4960,105,138,NA,NA,NA,NA,FALSE,NA,NA,NA,FALSE,NA,NA
Brown Creeper,0.327781306,0.007039325,80,2,7260,56,88,BRCR,49.95878766779903,0.6188711113482128,Roadside,TRUE,0.46689159647988143,0.008102514680228934,2,TRUE,0.7616581757110609,0.01735590936306386
Brown Thrasher,0.141308812,0.007605114,200,1.5,7050,140,220,BRTH,95.03407709899922,0.7551015294833334,Intercept,TRUE,0.43846297906300336,0.013579579040883638,6,TRUE,0.8244798970441414,0.0309807760516827
Brown-crested Flycatcher,0.236362278,0.026662981999999998,200,2,4530,140,220,NA,NA,NA,NA,FALSE,NA,NA,NA,FALSE,NA,NA
Brown-headed Cowbird,0.196359385,0.015316476,125,1.75,4950,105,138,BHCO,78.66677688559412,0.1614230976983464,Intercept,TRUE,0.393774692029491,0.005267729846344216,9,TRUE,0.9319763808923112,0.013378320702293278
Brown-headed Nuthatch,0.193256417,0.011315643,125,1.5,7290,105,138,BHNU,39.062711612173565,0.3270877609257461,Intercept,TRUE,0.39700307755247544,0.020914984808965087,9,TRUE,0.9238112463036448,0.05273099254552188
Buff-bellied Hummingbird,0.282947489,0.030666539,50,2,4390,26,55,NA,NA,NA,NA,FALSE,NA,NA,NA,FALSE,NA,NA
Bullock's Oriole,0.171626668,0.013381537,125,1.75,5080,105,138,BUOR,72.09155097667634,0.4463842878254809,Intercept,TRUE,0.4374640573811026,0.019555273494933245,8,TRUE,0.8267607311168182,0.0447312505831598
Burrowing Owl,0.248559878,0.013839293,200,1.75,3780,140,220,BUOW,240.9983429464582,13.4892015904949,Intercept,TRUE,0.467291385260168,0.04445295265302085,1,TRUE,0.7608022645833532,0.09541750512171732
Bushtit,0.180014259,0.016575529,125,1.5,7430,105,138,BUSH,34.20463039735904,0.17205071202362632,Intercept,TRUE,0.5664784353999631,0.012412572375165354,2,TRUE,0.5683162656111463,0.02191532583070882
Cactus Wren,0.38994346,0.015947778,200,1.5,7130,140,220,CACW,130.75641413785098,10.4514545711029,Roadside,TRUE,0.8770368935617883,0.00908039854499254,3,TRUE,0.131206219579404,0.010353866627473424
California Condor,1.083808476,0.036296279,400,1.5,3240,320,440,NA,NA,NA,NA,FALSE,NA,NA,NA,FALSE,NA,NA
California Gnatcatcher,0.507418109,0.013481356,80,1.75,7530,56,88,NA,NA,NA,NA,FALSE,NA,NA,NA,FALSE,NA,NA
California Quail,0.386160727,0.019277203,200,1.5,2940,140,220,CAQU,93.82879051837682,0.6092448570306672,Intercept,TRUE,0.5233584507690201,0.013582685571755349,3,TRUE,0.6474886753595825,0.02595875989958346
California Thrasher,0.151208587,0.03780064,200,1.75,7100,140,220,CATH,220.20168596864494,37.692384400591635,Roadside,TRUE,NA,NA,NA,FALSE,NA,NA
California Towhee,0.953116186,0.024293546,125,2,5911,105,138,CALT,69.83801594807215,1.4598817844563428,Roadside,TRUE,0.5796275004957726,0.02582693374977657,4,TRUE,0.5453696222909925,0.04458733647226215
Calliope Hummingbird,0.222786696,0.005361244,50,2,4360,26,55,CAHU,32.659586074562185,0.7836934289766049,Intercept,TRUE,NA,NA,1,FALSE,NA,NA
Canada Warbler,0.144498738,0.005886014,100,2,6860,84,110,CAWA,63.17164901750297,0.4134556501454938,Intercept,TRUE,0.5781092771655156,0.007000593385521281,1,TRUE,0.5479923673395154,0.0121100557958439
Canyon Towhee,0.901022212,0.013820457,125,2,5910,105,138,CANT,80.7262222671563,1.9388074884939996,Intercept,TRUE,0.6005640936170524,0.04179279206215941,8,TRUE,0.5098859094074448,0.06970188857197665
Canyon Wren,0.627107745,0.00823747,200,2,7170,140,220,CANW,190.1438831953006,5.993522688671419,Intercept,TRUE,0.5725462060274735,0.023861167308702413,1,TRUE,0.5576618375922617,0.04169968448564565
Cape May Warbler,0.325792288,0.005702945,80,2,6500,56,88,CMWA,59.382579165085815,2.6534141549053736,Roadside,TRUE,0.5437090424995166,0.01840894703996554,5,TRUE,0.6093410235550687,0.03387103198708635
Carolina Chickadee,0.23301274,0.013259707,125,1.25,7360,105,138,CACH,41.015481355252874,0.13838358679015172,Intercept,TRUE,0.4856748573956421,0.007444841323735241,8,TRUE,0.722215896678292,0.015330059621333658
Carolina Wren,0.2685187,0.014746994,200,1.5,7180,140,220,CARW,68.93110393605606,0.22198466830081287,Intercept,TRUE,0.5186975261641733,0.0033419193590162877,4,TRUE,0.6564343669359951,0.0064429950670118474
Cassin's Finch,0.290200251,0.012993251,125,2,5180,105,138,CAFI,83.64431703944322,0.6046335400442189,Intercept,TRUE,0.5052091205448679,0.012701437132557503,3,TRUE,0.6827828353337093,0.0251462487232596
Cassin's Kingbird,0.429312979,0.017320122,200,2,4480,140,220,CAKI,140.12794668794848,2.7273906058788526,Intercept,TRUE,0.6764561826448356,0.01779200860020058,6,TRUE,0.39088760413443585,0.026307857779759858
Cassin's Sparrow,0.324927907,0.022658797,200,1.75,5780,140,220,CASP,122.50220392484181,0.6323853732867022,Intercept,TRUE,0.8631456683671905,0.003343987935084114,6,TRUE,0.1471718091331556,0.0038742066236588796
Cassin's Vireo,0.29475794,0.011141985,125,2,6291,105,138,CAVI,73.16562860431652,0.3743256377018511,Intercept,TRUE,0.6563642289551577,0.009085714234919495,3,TRUE,0.42103941705377534,0.013843372656465402
Cave Swallow,0.601584903,0.097402064,200,1,6121,140,220,NA,NA,NA,NA,FALSE,NA,NA,NA,FALSE,NA,NA
Cedar Waxwing,0.251384113,0.021058939,100,1.75,6190,84,110,CEDW,68.40964794914176,0.2364725574012283,Intercept,TRUE,0.2806042059452142,0.010212918024295192,8,TRUE,1.270810122312733,0.036412252615308116
Cerulean Warbler,0.214654972,0.006059708,100,2,6580,84,110,CERW,46.493463976416464,2.0105109475092924,Roadside,TRUE,0.5433371131792081,0.02019788415299284,3,TRUE,0.6100253171020883,0.03719089884711707
Chestnut-backed Chickadee,0.172673671,0.018267892,80,1.25,7410,56,88,CBCH,38.466145812109914,0.16661414754180015,Intercept,TRUE,0.4778625211378642,0.02155252575966443,9,TRUE,0.7384322005414333,0.04513255718583292
Chestnut-collared Longspur,0.47764042,0.035721667,200,1.5,5380,140,220,CCLO,95.14292926081474,0.760462674229899,Intercept,TRUE,0.6345034810868235,0.007047862883036604,4,TRUE,0.4549125054962931,0.011108138837848724
Chestnut-sided Warbler,0.207905027,0.009565074,125,2,6590,105,138,CSWA,84.08012359423975,0.284393429420156,Intercept,TRUE,0.584141163225011,0.004940294351233998,9,TRUE,0.5376126075119168,0.008457565491812535
Chihuahuan Raven,0.246353299,0.018415724,400,1.75,4870,320,440,CHRA,365.4215449125494,16.375763107393,Intercept,TRUE,0.43584863579369026,0.02778974856673816,3,TRUE,0.8304602615198364,0.06384670445050616
Chimney Swift,0.281915163,0.018153048,200,1.75,4230,140,220,CHSW,66.2727532610155,0.9952456147829238,Roadside,TRUE,0.30062556016425446,0.013127772133444238,3,TRUE,1.2018897747916082,0.043695972428410834
Chipping Sparrow,0.695273332,0.023465322,125,2,5600,105,138,CHSP,78.93531525803172,0.32254895620555857,Roadside,TRUE,0.5817658135221235,0.00358179508400136,8,TRUE,0.5416872944925584,0.006156842252761863
Chuck-will's-widow,3.018785009,0.008504079,300,2,4160,220,330,CWWI,101.83590733557499,3.9619838896158512,Intercept,TRUE,0.6918458011303705,0.062446749572840854,5,TRUE,0.36839217893138354,0.09050740665320947
Chukar,0.516304491,0.161395519,300,2,2882,220,330,CHUK,260.72576583117905,11.214215991837065,Intercept,TRUE,0.6007881171200482,0.028248295108128374,4,TRUE,0.5095129571564891,0.047053426495584916
Clark's Nutcracker,0.324373017,0.0131279,300,1.25,4910,220,330,CLNU,164.62388689621625,5.753723226963828,Roadside,TRUE,0.5993983430637262,0.0077818227383671945,1,TRUE,0.5118288884281761,0.0129834526308579
Clay-colored Sparrow,0.399192981,0.026524177,125,2,5610,105,138,CCSP,99.99000279794245,1.3252876843447012,Roadside,TRUE,0.6205049499521889,0.00647042671764525,7,TRUE,0.47722169700879635,0.010428057434988619
Cliff Swallow,0.602018152,0.097550427,200,1,6120,140,220,CLSW,99.32144843734406,0.2766269614966461,Intercept,TRUE,0.7073640541299242,0.004510367927514913,9,TRUE,0.3462098175675347,0.00637638996363038
Common Black Hawk,0.393264523,0.22105359,300,1.75,3450,220,330,NA,NA,NA,NA,FALSE,NA,NA,NA,FALSE,NA,NA
Common Grackle,0.408425194,0.055505963,200,1.25,5110,140,220,COGR,92.49428887001463,0.2421902166640919,Roadside,TRUE,0.3644710374217882,0.005534674533538286,7,TRUE,1.0093081890668465,0.015186666305221419
Common Ground-Dove,0.505966382,0.012083732,125,1.5,3200,105,138,NA,NA,NA,NA,FALSE,NA,NA,NA,FALSE,NA,NA
Common Nighthawk,2.15054635,0.015134556,300,2,4200,220,330,CONI,149.3535715003787,1.6395465073561581,Intercept,TRUE,0.6333012875800639,0.013845239633543616,8,TRUE,0.456809002333659,0.02186549483452968
Common Poorwill,3.361205639,0.001459633,300,2,4180,220,330,COPO,220.3640501353962,19.28652372542429,Intercept,TRUE,0.15574249930030915,0.13960576189608154,6,TRUE,1.8595512810597314,1.4535283537717736
Common Raven,0.322897689,0.015933012,400,1,4860,320,440,CORA,219.17527134817914,1.184135482722752,Intercept,TRUE,0.526340948666826,0.006074857966926139,9,TRUE,0.6418060848479269,0.011542190947728181
Common Redpoll,0.195174643,0.022312919,125,2,5280,105,138,CORE,89.25700959002798,4.320117382903078,Roadside,TRUE,NA,NA,1,FALSE,NA,NA
Common Yellowthroat,0.105097389,0.010027601,125,2,6810,105,138,COYE,86.6530588997286,0.3716919561708565,Roadside,TRUE,0.5882830492517399,0.003901536951523066,9,TRUE,0.5305470706294331,0.006632171639593232
Connecticut Warbler,0.251795457,0.006130415,125,2,6780,105,138,CONW,89.62868309031,6.164017236550492,Roadside,TRUE,0.6979199314081779,0.01445414532158118,8,TRUE,0.3596508942492279,0.020713282065254524
Cooper's Hawk,0.266253374,0.002707433,125,2,3330,105,138,COHA,87.93408976816507,2.4311748450301778,Intercept,TRUE,0.2617496921150083,0.04556192665034986,1,TRUE,1.3403666054881203,0.17585748149103075
Cordilleran Flycatcher,0.286041028,0.009418091,125,2,4640,105,138,COFL,68.38562162610899,0.7504004966607027,Intercept,TRUE,0.7227125423361074,0.012757739912991783,6,TRUE,0.32474372601314966,0.017654412473622455
Costa's Hummingbird,0.282947489,0.030666539,50,1.25,4300,26,55,NA,NA,NA,NA,FALSE,NA,NA,NA,FALSE,NA,NA
Couch's Kingbird,0.287611169,0.196137195,200,2,4461,140,220,NA,NA,NA,NA,FALSE,NA,NA,NA,FALSE,NA,NA
Crested Caracara,0.263500335,0.064231078,300,1,3620,220,330,NA,NA,NA,NA,FALSE,NA,NA,NA,FALSE,NA,NA
Crissal Thrasher,0.151208587,0.03780064,200,2,7120,140,220,CRTH,121.10095975398237,6.5269995233393985,Intercept,TRUE,0.6325701008484006,0.05188809771783098,1,TRUE,0.45796423314093504,0.08221214704048166
Curve-billed Thrasher,0.288256196,0.01118764,200,2,7070,140,220,CBTH,128.78632893431282,18.413436305815786,Roadside,TRUE,0.6503577226072508,0.02679271093439023,2,TRUE,0.43023272500264026,0.041220212869667816
Dark-eyed Junco,0.541617969,0.066552841,125,2,5670,105,138,DEJU,62.76624975413624,0.10124218934761586,Intercept,TRUE,0.5543843647080193,0.003950300379522653,9,TRUE,0.589897033690245,0.00712568299194799
Dickcissel,0.149758908,0.022316003,200,1.75,6040,140,220,DICK,107.28924211260305,0.6546540430320533,Intercept,TRUE,0.7908930503290921,0.005828306119141702,7,TRUE,0.2345925285366006,0.0073694055403389636
Downy Woodpecker,0.297784285,0.00653134,125,2,3940,105,138,DOWO,63.51032257688697,0.5765482968862621,Roadside,TRUE,0.31482778702813363,0.00660372896667244,3,TRUE,1.1557294975029246,0.020978763616754992
Dusky Flycatcher,0.151740992,0.009723034,125,2,4690,105,138,DUFL,68.63597811868574,0.24344338857456194,Intercept,TRUE,0.7616035022759131,0.005362270239340439,7,TRUE,0.27232919693898827,0.007040879975912712
Dusky Grouse,0.516304491,0.161395519,200,2,2970,140,220,DUGR,126.71853170550087,21.034418564709057,Roadside,TRUE,0.5670033300332251,0.03907691379360617,1,TRUE,0.5673901021971602,0.06902774102360248
Eastern Bluebird,0.161933803,0.010916627,125,1.5,7660,105,138,EABL,77.25737969501438,0.6494017646536179,Intercept,TRUE,0.3420838553138603,0.01347297020733329,4,TRUE,1.072699380997727,0.03940537623223339
Eastern Kingbird,0.144573269,0.008622775,125,1.75,4440,105,138,EAKI,87.5604453509452,0.5350701528045647,Intercept,TRUE,0.423633482771149,0.012783138539595507,9,TRUE,0.8588866250095524,0.030184159167233438
Eastern Meadowlark,0.245182991,0.017067785,200,1.75,5010,140,220,EAME,132.40422411084347,0.7913295790083765,Intercept,TRUE,0.6582364075126754,0.009280287578723567,7,TRUE,0.4181911302489618,0.014099649364146039
Eastern Phoebe,0.898152488,0.011850315,125,2,4560,105,138,EAPH,88.72765773234225,1.0948816366764476,Roadside,TRUE,0.40929037379373057,0.01537358065948885,4,TRUE,0.8933304144661134,0.03757922934947788
Eastern Screech-Owl,2.114649232,0.001820302,125,2,3730,105,138,EASO,85.48284126138765,6.234385862709907,Intercept,TRUE,0.4147473330298225,0.07568185400265903,1,TRUE,0.8800857802400999,0.18454382871852398
Eastern Towhee,0.302646684,0.016049386,125,2,5870,105,138,EATO,61.01826298617674,0.33159978214214547,Roadside,TRUE,0.5667680756133184,0.004746476375895425,8,TRUE,0.5678050966521472,0.008374831873498079
Eastern Whip-poor-will,3.32522679,0.00433927,300,2,4171,220,330,NA,NA,NA,NA,FALSE,NA,NA,NA,FALSE,NA,NA
Eastern Wood-Pewee,0.110277554,0.008288144,200,2,4610,140,220,EAWP,88.16537416611912,0.6585843317993607,Roadside,TRUE,0.5797287224053521,0.004222323098490854,7,TRUE,0.5451950048475576,0.007283402731154576
Elegant Trogon,0.336241881,0.212251379,200,1.5,3890,140,220,NA,NA,NA,NA,FALSE,NA,NA,NA,FALSE,NA,NA
Elf Owl,2.813439651,0.002713909,125,2,3810,105,138,NA,NA,NA,NA,FALSE,NA,NA,NA,FALSE,NA,NA
Eurasian Collared-Dove,0.353765248,0.013942027,200,1.75,22860,140,220,EUCD,133.60801176844086,1.6083485790549616,Intercept,TRUE,0.4898182113064655,0.017413745002914538,4,TRUE,0.7137209540477454,0.03556643385317393
Eurasian Tree Sparrow,0.237386145,0.043432442,125,1.75,6883,105,138,NA,NA,NA,NA,FALSE,NA,NA,NA,FALSE,NA,NA
European Starling,0.455644428,0.068393305,200,1,4930,140,220,EUST,104.68824602972244,0.24119699897661917,Roadside,TRUE,0.3866723970730823,0.010164312009946497,9,TRUE,0.95017746364305955,0.02629268133053375
Evening Grosbeak,0.252268742,0.012436775,125,1.75,5140,105,138,EVGR,99.52600267436466,0.7151311956221562,Intercept,TRUE,0.3861489519543724,0.017693121598248596,7,TRUE,0.9515320980599624,0.04585152669613696
Ferruginous Hawk,0.136893402,0.004679038,300,1.25,3480,220,330,FEHA,175.87016118884142,12.993608420635141,Intercept,TRUE,0.6178056597772624,0.04896059131049857,1,TRUE,0.4815813373592007,0.07941571335264203
Field Sparrow,0.080762136,0.009480465,200,2,5630,140,220,FISP,119.44157392774834,0.7894428905732909,Intercept,TRUE,0.628366593295467,0.00656729461479455,7,TRUE,0.4646315355423328,0.010451755103518312
Fish Crow,0.487620817,0.015744456,400,1.25,4900,320,440,FICR,119.83999239467707,3.045905026962643,Intercept,TRUE,0.4509723447109659,0.031460380242147756,6,TRUE,0.796349261290942,0.06987471731219097
Flammulated Owl,1.485902877,0.00967305,125,2,3740,105,138,NA,NA,NA,NA,FALSE,NA,NA,NA,FALSE,NA,NA
Florida Scrub-Jay,0.162911473,0.013297024,200,1.5,4790,140,220,FLSJ,46.51345695804519,2.24009231907651,Intercept,TRUE,0.4371696571106535,0.05423077010235344,1,TRUE,0.8274339278543543,0.12469195848203568
Fox Sparrow,0.088786254,0.011202226,200,2,5850,140,220,FOSP,96.01582321177361,0.5021461457649536,Intercept,TRUE,0.5531722954125731,0.010161097268786001,7,TRUE,0.5920857610447178,0.018370841073333144
Gambel's Quail,0.617677484,0.028464202,200,1.75,2950,140,220,GAQU,165.9852920849725,13.009279378084827,Roadside,TRUE,0.7858145829139883,0.017222813341654153,7,TRUE,0.24103441398214168,0.0219206569026396
Gila Woodpecker,0.327182639,0.046172265,200,1,4110,140,220,GIWO,127.03633982365743,6.3328513698262086,Intercept,TRUE,0.6072942410177766,0.04658243426155928,1,TRUE,0.49874185905165125,0.07685585184333868
Gilded Flicker,0.262542044,0.045968827,200,1.25,4140,140,220,NA,NA,NA,NA,FALSE,NA,NA,NA,FALSE,NA,NA
Golden Eagle,0.42719715,0.001560231,400,1.75,3490,320,440,GOEA,262.96354570215743,20.387935739742318,Intercept,TRUE,0.5947263713864975,0.10634061865831707,5,TRUE,0.5196538592364494,0.18074893776026005
Golden-cheeked Warbler,0.152835663,0.065246383,125,2,6660,105,138,NA,NA,NA,NA,FALSE,NA,NA,NA,FALSE,NA,NA
Golden-crowned Kinglet,0.19966966,0.011538985,50,2,7480,26,55,GCKI,39.41356502827037,0.14348770591639237,Intercept,TRUE,0.5261454651426027,0.00717014150065165,8,TRUE,0.6421775547764813,0.013628522698603984
Golden-crowned Sparrow,0.238439032,0.019158995,200,2,5570,140,220,GCSP,85.63536455586956,1.3610554103745685,Intercept,TRUE,0.5357721044585169,0.029766704449476322,4,TRUE,0.6240463865742715,0.055615789808302174
Golden-fronted Woodpecker,0.327182639,0.046172265,200,1,4100,140,220,GFWO,142.09043341576407,5.525394732473728,Intercept,TRUE,0.6534072405876039,0.03195656508225653,1,TRUE,0.42555469847527394,0.04894662813549344
Golden-winged Warbler,0.133705003,0.005624412,125,2,6420,105,138,GWWA,86.16162501498334,1.402288630454997,Intercept,TRUE,0.4878052866148881,0.021263862276219014,9,TRUE,0.717838955590147,0.04361852263151644
Grace's Warbler,0.152835663,0.065246383,125,2,6640,105,138,GRWA,73.72629067296278,0.8821071343890665,Intercept,TRUE,0.7522782873843273,0.01437020277896961,5,TRUE,0.2846489604776514,0.0191045671233655
Grasshopper Sparrow,0.391507599,0.013630016,125,2,5460,105,138,GRSP,67.19074357806579,0.7962949345023773,Roadside,TRUE,0.8302935154073845,0.003155868463284861,7,TRUE,0.1859760076839676,0.0038009253382733227
Gray Catbird,0.424676515,0.013687414,125,2,7040,105,138,GRCA,73.10307429792313,0.644026537614387,Roadside,TRUE,0.4356639332582303,0.008654420561304,7,TRUE,0.8308841281278104,0.019867513824484928
Gray Flycatcher,0.253852676,0.009005444,125,2,4691,105,138,GRFL,72.15152870738217,1.566716151357383,Roadside,TRUE,0.6832520187803868,0.011390115403006495,7,TRUE,0.38089149950523765,0.016671989814078303
Canada Jay,0.206075389,0.008834811,125,1,4840,105,138,CAJA,78.3542831128186,1.9745764825818952,Roadside,TRUE,0.3841404545793614,0.010042300305613261,5,TRUE,0.9567470261371476,0.026148219538340234
Gray Kingbird,0.287611169,0.196137195,200,1.75,4450,140,220,GRAK,NA,NA,NA,FALSE,0.3353512338193304,0.05351906478102236,1,TRUE,1.0925768372443208,0.16096705844245607
Gray Partridge,0.255873113,0.005627355,125,2,2881,105,138,GRAP,NA,NA,NA,FALSE,0.6086364356290064,0.07396946760005652,4,TRUE,0.49653417537009303,0.12213681059229803
Gray Vireo,0.252790135,0.052592429,125,2,6340,105,138,GRVI,94.4567581191164,1.2579393100126808,Intercept,TRUE,0.7463631703394042,0.010899639564312114,2,TRUE,0.2925429737272314,0.014604705780665528
Gray-cheeked Thrush,0.440536327,0.077167878,125,2,7570,105,138,GCTH,96.92664220908446,1.5764715080904068,Intercept,TRUE,0.4527840380100119,0.026363944236295678,1,TRUE,0.7923400044591947,0.05829224684704315
Gray-crowned Rosy-Finch,0.244353977,0.088929258,125,1.5,5240,105,138,GCRF,NA,NA,NA,FALSE,0.6265988778411256,0.054055121555847796,3,TRUE,0.46744869133522227,0.08648246854517733
Great Crested Flycatcher,0.223953898,0.009044568,200,1.75,4520,140,220,GCFL,94.86729687914084,0.6155274482076081,Roadside,TRUE,0.4285336749589388,0.005702711528943971,7,TRUE,0.8473859560299869,0.01330828480501517
Great Gray Owl,0.788077555,0.005099447,200,2,3700,140,220,NA,NA,NA,NA,FALSE,NA,NA,NA,FALSE,NA,NA
Great Horned Owl,2.450156066,0.003001912,300,2,3750,220,330,GHOW,138.82254008989764,3.8507403756442216,Intercept,TRUE,0.4664077501786128,0.042079541498190154,4,TRUE,0.7626950270628763,0.09046649526249945
Greater Pewee,0.111056929,0.009846454,200,2,4600,140,220,NA,NA,NA,NA,FALSE,NA,NA,NA,FALSE,NA,NA
Greater Prairie-Chicken,0.30719296,0.010294537,200,2,3050,140,220,GRPC,393.9396273148156,27.21227301381583,Intercept,TRUE,0.6609452492136594,0.07213282713172131,6,TRUE,0.4140842727975856,0.10957227394816169
Greater Roadrunner,0.413389213,0.006077421,200,2,3850,140,220,GRRO,141.41096888130932,4.2601057905180255,Intercept,TRUE,0.5440624352801184,0.060808788648095136,8,TRUE,0.6086912679763395,0.11223695912314174
Greater Sage-Grouse,0.516304491,0.161395519,200,1.25,3090,140,220,GRSG,150.62177640025024,9.97500533930824,Intercept,TRUE,0.4145925415616304,0.1028427066334644,4,TRUE,0.8804590686221778,0.2533416689954046
Great-tailed Grackle,0.355734022,0.028093388,200,1,5120,140,220,GTGR,147.56418110993548,2.466081522433143,Intercept,TRUE,0.3998414668208299,0.023206200374701558,1,TRUE,0.9166871433827414,0.05810380247846647
Green Jay,0.196506623,0.024782332,200,1.5,4830,140,220,NA,NA,NA,NA,FALSE,NA,NA,NA,FALSE,NA,NA
Green-tailed Towhee,0.634658223,0.019805701,200,2,5900,140,220,GTTO,88.93517119247485,0.3569858857186148,Intercept,TRUE,0.7650178573217246,0.004613634344976081,3,TRUE,0.26785610252382747,0.006030826907704623
Groove-billed Ani,0.320440779,0.0372801,125,1.25,3840,105,138,NA,NA,NA,NA,FALSE,NA,NA,NA,FALSE,NA,NA
Gunnison Sage-Grouse,0.516304491,0.161395519,200,1.25,3089,140,220,NA,NA,NA,NA,FALSE,NA,NA,NA,FALSE,NA,NA
Gyrfalcon,0.26349032,0.064226508,300,1.5,3540,220,330,NA,NA,NA,NA,FALSE,NA,NA,NA,FALSE,NA,NA
Hairy Woodpecker,0.249314168,0.004190679,125,2,3930,105,138,HAWO,72.95658930367325,0.3323743549500833,Intercept,TRUE,0.3706896328425634,0.008380071427822267,3,TRUE,0.9923901356514702,0.022610558011395943
Hammond's Flycatcher,0.383876374,0.015184249,100,2,4680,84,110,HAFL,55.95710093727336,0.3051666450811439,Intercept,TRUE,0.7173150743400576,0.010489139943330672,3,TRUE,0.33224010067943843,0.014623821567821549
Harris's Hawk,0.393264523,0.22105359,300,1.5,3350,220,330,NA,NA,NA,NA,FALSE,NA,NA,NA,FALSE,NA,NA
Henslow's Sparrow,0.678606158,0.010664453,125,2,5470,105,138,HESP,NA,NA,NA,FALSE,0.4844373821974134,0.09688359261233587,4,TRUE,0.7247670981143993,0.20272420282713421
Hepatic Tanager,0.249492464,0.139360358,125,2,6090,105,138,HETA,94.70454066506088,2.665838190711206,Intercept,TRUE,0.6738447780994684,0.029169681314102136,1,TRUE,0.39475549414852973,0.043315497892956245
Hermit Thrush,0.34889321,0.013521061,200,2,7590,140,220,HETH,129.00141679910777,1.0348436998543136,Roadside,TRUE,0.6522584244759557,0.0032576942119118546,7,TRUE,0.4273144390257809,0.004994525448284298
Hermit Warbler,0.169558798,0.01638279,125,2,6690,105,138,HEWA,66.99810027828741,0.2151097475367294,Intercept,TRUE,0.7599309590416257,0.007342791092351475,7,TRUE,0.2745276931945508,0.009662745717100019
Hoary Redpoll,0.195275926,0.022255784,125,2,5270,105,138,HORE,51.136352702154106,1.7833514832457809,Intercept,TRUE,NA,NA,NA,FALSE,NA,NA
Hooded Oriole,0.134838091,0.034837138,125,1.75,5050,105,138,NA,NA,NA,NA,FALSE,NA,NA,NA,FALSE,NA,NA
Hooded Warbler,0.165781479,0.006677477,125,2,6840,105,138,HOWA,49.729921408853926,0.15065424876929256,Intercept,TRUE,0.5691335386342617,0.0029240417764093696,2,TRUE,0.5636401823485668,0.00513775292797225
Horned Lark,0.319579262,0.038106901,200,2,4740,140,220,HOLA,88.82337823064489,0.4622455192982997,Roadside,TRUE,0.6762324227427369,0.003102891045116518,9,TRUE,0.39121844140658923,0.004588530093276866
House Finch,0.106257564,0.012699766,125,1.75,5190,105,138,HOFI,79.45126198255375,0.30313093198139995,Intercept,TRUE,0.44044297555080714,0.01837718565418378,9,TRUE,0.8199742958999562,0.0417485627586206
House Sparrow,0.23727539,0.043700479,125,1,6882,105,138,HOSP,82.84851428513382,0.3404416619439772,Roadside,TRUE,0.610461124899535,0.009962655513464258,8,TRUE,0.49354066493711357,0.016321334362713324
House Wren,0.157442539,0.010356315,125,2,7210,105,138,HOWR,91.65260107770135,0.6050291340437042,Roadside,TRUE,0.7273585306833024,0.00339103622921727,7,TRUE,0.31833575838805006,0.004662158557307505
Hutton's Vireo,0.412118002,0.007851349,125,2,6320,105,138,HUVI,64.84322648679719,0.5735032297300862,Intercept,TRUE,0.5387981562114559,0.031246429214037086,5,TRUE,0.6184142564795192,0.05805797348714753
Inca Dove,0.259561594,0.009810166,125,1.25,3210,105,138,NA,NA,NA,NA,FALSE,NA,NA,NA,FALSE,NA,NA
Indigo Bunting,0.334016374,0.015511967,125,2,5980,105,138,INBU,60.59373857291456,0.26520381079939526,Roadside,TRUE,0.5797568981523389,0.0037346722771327556,8,TRUE,0.5451464044225195,0.006441879258583028
Juniper Titmouse,0.161396989,0.009527298,200,1.25,7331,140,220,JUTI,75.70581116603617,2.6539590832322872,Roadside,TRUE,0.5056530743768128,0.02950918886261794,8,TRUE,0.6819044686033698,0.058424953819947445
Kentucky Warbler,0.165429467,0.007695189,125,2,6770,105,138,KEWA,58.814041547180025,0.8784965273444953,Roadside,TRUE,0.5654599958957196,0.010833362900285692,6,TRUE,0.5701157270498606,0.019160840245962762
Kirtland's Warbler,0.152835663,0.065246383,200,2,6700,140,220,NA,NA,NA,NA,FALSE,NA,NA,NA,FALSE,NA,NA
Ladder-backed Woodpecker,0.335269007,0.009487836,125,2,3960,105,138,LBWO,100.54225843943979,2.77191895674801,Intercept,TRUE,0.4382593503492269,0.042870788125389414,1,TRUE,0.824944419756993,0.09813440422737435
Lapland Longspur,0.479198426,0.03584308,200,1.75,5360,140,220,LALO,115.31337133496014,19.523820581445236,Roadside,TRUE,0.7633308048579114,0.014804553792195863,9,TRUE,0.27006378352066407,0.01939710853855739
Lark Bunting,0.286366646,0.05170139,200,1,6050,140,220,LARB,120.34704080963347,0.42608245696224856,Intercept,TRUE,0.6707160926786553,0.0030244642432465385,2,TRUE,0.39940934230913416,0.00450933677627674
Lark Sparrow,0.14314708,0.013175516,200,1.5,5520,140,220,LASP,91.48090366897794,0.37702082037557716,Intercept,TRUE,0.5491722109872875,0.006193190073871091,3,TRUE,0.5993432054448131,0.011277796865296952
Lawrence's Goldfinch,0.312388451,0.021341133,125,1.75,5310,105,138,LAGO,71.33777939756854,3.223533886723189,Intercept,TRUE,NA,NA,NA,FALSE,NA,NA
Lazuli Bunting,0.253922015,0.011113142,125,2,5990,105,138,LAZB,72.71732758415283,0.30034266967768986,Intercept,TRUE,0.7334107180142784,0.004484961856094705,2,TRUE,0.31004940930623975,0.006115288000917624
LeConte's Sparrow,0.705896323,0.014200509,125,2,5480,105,138,LCSP,100.30336823675907,2.8320458314692303,Roadside,TRUE,0.5745796934396141,0.020404948146207746,7,TRUE,0.5541164734032109,0.0355277655114864
LeConte's Thrasher,0.151208587,0.03780064,200,1.75,7110,140,220,NA,NA,NA,NA,FALSE,NA,NA,NA,FALSE,NA,NA
Least Flycatcher,0.087097838,0.009253083,125,2,4670,105,138,LEFL,79.85640096224499,0.745524016131192,Roadside,TRUE,0.6821340172345827,0.005665766532937266,9,TRUE,0.38252913423442564,0.008306134405349858
Lesser Goldfinch,0.300588294,0.01824926,125,1.75,5300,105,138,LEGO,59.5290609293893,0.2867826567386693,Intercept,TRUE,0.3824006457463832,0.011080482943453374,1,TRUE,0.9612864091389964,0.028984223072947735
Lesser Nighthawk,2.125465631,0.019269463,300,2,4210,220,330,NA,NA,NA,NA,FALSE,NA,NA,NA,FALSE,NA,NA
Lesser Prairie-Chicken,0.30719296,0.010294537,200,2,3070,140,220,NA,NA,NA,NA,FALSE,NA,NA,NA,FALSE,NA,NA
Lewis's Woodpecker,0.327182639,0.046172265,200,1.5,4080,140,220,LEWO,101.59176652206091,3.327350067219321,Intercept,TRUE,0.428813116423193,0.052742160000665006,1,TRUE,0.8467340810198777,0.12362159281932933
Lincoln's Sparrow,0.650857783,0.015359268,125,2,5830,105,138,LISP,84.62047932980533,1.6761946516698103,Roadside,TRUE,0.5930246489665341,0.00864524268669592,8,TRUE,0.5225193142942566,0.014579251000220339
Loggerhead Shrike,0.257515395,0.008301429,125,1.25,6220,105,138,LOSH,105.74357162151351,1.6689714996203406,Intercept,TRUE,0.45494150172169845,0.03207248002130797,8,TRUE,0.7875864359413335,0.07061517144389184
Long-billed Thrasher,0.151208587,0.03780064,200,2,7060,140,220,NA,NA,NA,NA,FALSE,NA,NA,NA,FALSE,NA,NA
Long-eared Owl,0.950630863,0.005753235,125,2,3660,105,138,NA,NA,NA,NA,FALSE,NA,NA,NA,FALSE,NA,NA
Louisiana Waterthrush,0.327908312,0.00514556,200,2,6760,140,220,LOWA,49.96258798011132,0.49159593855020134,Intercept,TRUE,0.48172067524303286,0.011664653269251202,1,TRUE,0.7303908448574,0.02421929243978499
Lucy's Warbler,0.213627285,0.029472214,125,2,6430,105,138,LUWA,81.06952015358793,13.568043344249524,Roadside,TRUE,0.8868890391391409,0.033632994856772125,3,TRUE,0.1200354012969796,0.037940632888032816
MacGillivray's Warbler,0.154940761,0.008899679,125,2,6800,105,138,MGWA,64.3953113868069,0.307923998240355,Intercept,TRUE,0.6677362213940263,0.0061720068869722255,1,TRUE,0.40386206158305454,0.00924344444643796
Magnificent Hummingbird,0.282947489,0.030666539,50,1.5,4260,26,55,NA,NA,NA,NA,FALSE,NA,NA,NA,FALSE,NA,NA
Magnolia Warbler,0.128230092,0.011292731,125,2,6570,105,138,MAWA,72.92830015431352,0.7848866495725488,Roadside,TRUE,0.5599388538023276,0.007723982330218926,9,TRUE,0.5799276908532655,0.013795206832675766
Mangrove Cuckoo,0.309625232,0.020635638,200,2,3860,140,220,MACU,NA,NA,NA,FALSE,0.1946356409879315,0.048979049400469765,4,TRUE,1.6366259760107735,0.2571680503282836
Marsh Wren,0.865362685,0.017776852,125,2,7250,105,138,MAWR,66.53870689829307,0.6764938006135708,Roadside,TRUE,0.7512098668528608,0.008087120500604894,2,TRUE,0.286070216386191,0.01076587688545752
Thick-billed Longspur,0.477568371,0.036353088,200,1.5,5390,140,220,TBLO,87.18636132074384,1.107031911040174,Intercept,TRUE,0.619144308589944,0.013304322116230893,1,TRUE,0.47941690165925893,0.02149154927478303
Merlin,0.136416034,0.001135255,125,2,3570,105,138,MERL,95.9859622314305,4.528830439345569,Intercept,TRUE,0.35956772444498497,0.09423582058054303,1,TRUE,1.0228527344590115,0.26834143723333154
Mexican Jay,0.162911473,0.013297024,200,1.25,4820,140,220,MEJA,105.2646151611911,4.323464634652559,Intercept,TRUE,0.6840679481967513,0.031310662568227454,1,TRUE,0.37969802682449016,0.045803279567752014
Mexican Whip-poor-will,3.611336298,0.001758972,300,2,4172,220,330,NA,NA,NA,NA,FALSE,NA,NA,NA,FALSE,NA,NA
Mississippi Kite,1.03847348,0.012618132,300,1.75,3290,220,330,MIKI,100.71470462227786,4.22120243688336,Intercept,TRUE,0.18793931623320193,0.10273899056664082,6,TRUE,1.6716361542524065,0.6136059622816644
Monk Parakeet,0.336241881,0.212251379,125,1.5,3824,105,138,NA,NA,NA,NA,FALSE,NA,NA,NA,FALSE,NA,NA
Montezuma Quail,0.464854806,0.054157666,200,1.25,2960,140,220,NA,NA,NA,NA,FALSE,NA,NA,NA,FALSE,NA,NA
Mountain Bluebird,0.561682314,0.019043058,200,2,7680,140,220,MOBL,95.39987575577345,0.6029096774507536,Intercept,TRUE,0.4271001700867356,0.013581567281558016,5,TRUE,0.8507367028984678,0.03181021441878101
Mountain Chickadee,0.281720767,0.014457926,125,1.25,7380,105,138,MOCH,71.10331611003778,0.1734007772714179,Intercept,TRUE,0.6225063043279996,0.005415015555493119,7,TRUE,0.4740015232600191,0.008698951488633616
Mountain Quail,0.40626839,0.014460376,300,2,2920,220,330,MOUQ,187.04471874140913,2.8048121294644943,Intercept,TRUE,0.6181066121524736,0.0215527202365704,8,TRUE,0.4810943248292748,0.03488307857652495
Mourning Dove,0.316423592,0.022409558,200,1.75,3160,140,220,MODO,129.1444829618333,0.3062969002200049,Intercept,TRUE,0.5406391813507302,0.0036263343276555227,9,TRUE,0.6150031702398359,0.00670759507953822
Mourning Warbler,0.259959923,0.011418499,125,2,6790,105,138,MOWA,86.5545872733398,1.037335512757771,Roadside,TRUE,0.6088622079777057,0.007639610634526783,7,TRUE,0.49616329635109313,0.012548014130644769
Nashville Warbler,0.213572778,0.014052851,125,2,6450,105,138,NAWA,80.75406972832602,0.20184396582980924,Intercept,TRUE,0.6458160942140767,0.0034280493817518964,5,TRUE,0.4372404996088213,0.005308138971808596
Nelson's Sparrow,0.571305714,0.009063602,125,2,5491,105,138,NESP,NA,NA,NA,FALSE,0.12070088808064439,0.13329354490046424,1,TRUE,2.1144397931539016,NA
Northern Beardless-Tyrannulet,0.309093639,0.270946381,125,2,4720,105,138,NA,NA,NA,NA,FALSE,NA,NA,NA,FALSE,NA,NA
Northern Bobwhite,0.471034551,0.01639269,200,1.75,2890,140,220,NOBO,158.59054296809447,1.4997396686319036,Intercept,TRUE,0.5354707440148986,0.011678974414303489,9,TRUE,0.6246090236121712,0.02181412708349384
Northern Cardinal,0.866690425,0.028147857,200,2,5930,140,220,NOCA,80.88832503837386,0.36780321705360564,Roadside,TRUE,0.5265661065820406,0.004017156014743617,9,TRUE,0.6413783967295421,0.007629116081764142
Northern Flicker,0.263105839,0.045989788,200,1.25,4120,140,220,NOFL,125.3415119725342,0.46975636416617306,Intercept,TRUE,0.39159003242087387,0.007069767589553744,8,TRUE,0.937539822120427,0.018055964855202056
Northern Goshawk,0.350349154,0.002368837,125,2,3340,105,138,NOGO,91.47942373804449,4.131708681339646,Intercept,TRUE,0.44277403936343473,0.11591318235960363,4,TRUE,0.814695708223558,0.2680276090832827
Northern Harrier,0.222768112,0.005077001,300,2,3310,220,330,NOHA,176.15618508960665,3.1449790011207313,Intercept,TRUE,0.24296507793388122,0.03568805799733493,2,TRUE,1.4148375581754273,0.14795580440557476
Northern Hawk Owl,0.236760813,0.004621573,200,2,3770,140,220,NA,NA,NA,NA,FALSE,NA,NA,NA,FALSE,NA,NA
Northern Mockingbird,0.099038838,0.013748544,200,1.5,7030,140,220,NOMO,127.21226620308684,0.7790903653548256,Intercept,TRUE,0.7412994118082611,0.005797734181919978,5,TRUE,0.29935067077956307,0.007821201942429468
Northern Parula,0.165653455,0.008870983,100,2,6480,84,110,NOPA,56.25578654034493,0.24421182784421092,Intercept,TRUE,0.5592249695039236,0.005925284527626251,8,TRUE,0.5812034368707112,0.01059592579050389
Northern Pygmy-Owl,1.056103865,0.003481108,200,2,3790,140,220,NOPO,170.15876719833685,9.132549218497232,Intercept,TRUE,0.5021357782070244,0.06163266550752383,2,TRUE,0.6888847213460606,0.12336304738332582
Northern Rough-winged Swallow,0.303402591,0.013563681,125,1.75,6170,105,138,NRWS,76.45033245523928,0.5359281364160893,Intercept,TRUE,0.42016169760436317,0.01654071522959505,9,TRUE,0.8671156474999083,0.039387855227896174
Northern Saw-whet Owl,2.47047366,0.003241028,200,2,3720,140,220,NA,NA,NA,NA,FALSE,NA,NA,NA,FALSE,NA,NA
Northern Shrike,0.257533707,0.008196501,200,1.75,6210,140,220,NA,NA,NA,NA,FALSE,NA,NA,NA,FALSE,NA,NA
Northern Waterthrush,0.108962749,0.006741665,200,2,6750,140,220,NOWA,98.67048264313213,1.5905495709626223,Roadside,TRUE,0.5393162781704368,0.012124009921600287,3,TRUE,0.6174530932071506,0.02248412181061482
Northern Wheatear,0.336241881,0.212251379,200,2,7650,140,220,NA,NA,NA,NA,FALSE,NA,NA,NA,FALSE,NA,NA
Northwestern Crow,0.438962554,0.094806648,400,1.5,4890,320,440,NA,NA,NA,NA,FALSE,NA,NA,NA,FALSE,NA,NA
Nuttall's Woodpecker,0.27959732,0.034920096,125,1.5,3970,105,138,NUWO,61.76332347650071,0.47496833891971946,Intercept,TRUE,0.4803473355839232,0.12813578900360717,2,TRUE,0.7332458209640419,0.27336859977732325
Oak Titmouse,0.203429085,0.015921436,200,1.25,7330,140,220,OATI,53.40298414786996,0.28983810911391217,Intercept,TRUE,0.5982435586931887,0.026393968737139506,5,TRUE,0.5137573191664718,0.04414776160322617
Olive Sparrow,0.709359899,0.020977793,200,1.75,5860,140,220,NA,NA,NA,NA,FALSE,NA,NA,NA,FALSE,NA,NA
Olive Warbler,0.336241881,0.212251379,125,2,6510,105,138,NA,NA,NA,NA,FALSE,NA,NA,NA,FALSE,NA,NA
Olive-sided Flycatcher,0.109373062,0.006610393,300,2,4590,220,330,OSFL,130.74619398667542,1.0004556167394725,Intercept,TRUE,0.6927734932637827,0.0073898424849778155,1,TRUE,0.3670521827664003,0.010667444499832701
Orange-crowned Warbler,0.237215061,0.013613313,125,2,6460,105,138,OCWA,68.37976141701536,0.29068999649066285,Intercept,TRUE,0.5544542944476285,0.00716245070891669,2,TRUE,0.5897709021937925,0.012918736913630602
Orchard Oriole,0.099898312,0.00769728,125,1.75,5060,105,138,OROR,66.94385390501586,0.7649329776992744,Intercept,TRUE,0.4066262287249657,0.023504877393934642,6,TRUE,0.89986087242874635,0.05786913848206837
Osprey,0.49973566,0.00742224,300,1.25,3640,220,330,OSPR,133.6828988798063,3.2511760443276643,Intercept,TRUE,0.4910677912649558,0.03903460941436371,5,TRUE,0.7111730929686902,0.07965730420050565
Ovenbird,0.214366322,0.014149396,200,2,6740,140,220,OVEN,90.87761824348304,0.1324126820895941,Intercept,TRUE,0.6805064288606586,0.0017112249322701611,3,TRUE,0.3849180096749054,0.0025146397838755608
Pacific Wren,0.513974173,0.013003866,200,1.75,7221,140,220,PAWR,60.235762195607514,0.3232786179456859,Intercept,TRUE,0.8093496081926944,0.00648018119747501,2,TRUE,0.211524306703484,0.008006823764523663
Pacific-slope Flycatcher,0.141806818,0.01059711,125,2,4641,105,138,PSFL,57.498952300801676,0.2868390390668445,Intercept,TRUE,0.691526927704017,0.011476716846636925,7,TRUE,0.36885318763186536,0.016597720569754393
Painted Bunting,0.219191714,0.013373231,125,1.75,6010,105,138,PABU,89.76084385595632,1.288143855536923,Intercept,TRUE,0.6270875592512518,0.015983147109699836,2,TRUE,0.4666691001704493,0.025493424777175033
Painted Redstart,0.180954997,0.099091012,125,2,6880,105,138,NA,NA,NA,NA,FALSE,NA,NA,NA,FALSE,NA,NA
Palm Warbler,0.265520256,0.008448309,125,2,6720,105,138,PAWA,77.79649021609741,5.358175490908543,Roadside,TRUE,0.6410114480354451,0.010803103962123528,7,TRUE,0.4447079625712683,0.01685481121214094
Peregrine Falcon,0.242902263,0.002934963,300,1.25,3560,220,330,PEFA,200.01630092700717,16.841951323562085,Intercept,TRUE,0.3473808190878356,0.08729361091210025,1,TRUE,1.0573336394575144,0.25679016162581825
Phainopepla,0.318642933,0.0145247,125,1.5,6200,105,138,PHAI,138.00661481095972,14.440341386549157,Roadside,TRUE,0.5073718086154053,0.03837168024848292,5,TRUE,0.6785111938346675,0.0757730112943647
Philadelphia Vireo,0.179034235,0.008993391,125,2,6260,105,138,PHVI,68.61745359320825,3.80105672664223,Roadside,TRUE,0.6745307548787716,0.023714894624478344,3,TRUE,0.39373800781522417,0.035172114394636994
Pileated Woodpecker,0.531071086,0.007285076,300,2,4050,220,330,PIWO,110.83158716931865,0.531906511294487,Intercept,TRUE,0.34230401387066933,0.0066263356718062605,6,TRUE,1.0720560073369239,0.01936046114980705
Pine Grosbeak,0.194545309,0.00688874,125,2,5150,105,138,PIGR,77.33073467703778,1.0036972300817268,Intercept,TRUE,0.4113997849326484,0.024093364464635558,1,TRUE,0.8881898245328665,0.058631450924326756
Pine Siskin,0.320507011,0.025718467,100,1.5,5330,84,110,PISI,61.587497633737364,0.16375077008613204,Intercept,TRUE,0.4431640925442826,0.005054648781181725,2,TRUE,0.8138151654587705,0.011406312186072132
Pine Warbler,0.092765876,0.010964286,125,2,6710,105,138,PIWA,58.56720335466573,0.1602885991371643,Intercept,TRUE,0.5544359038041964,0.004549671348202611,9,TRUE,0.5898040716518016,0.008206130667878841
Pinyon Jay,0.276028144,0.039592912,300,1.25,4920,220,330,PIJA,170.36424590982287,1.744272968223811,Intercept,TRUE,0.6699372839465274,0.009584477060488483,5,TRUE,0.40057117702840406,0.014307505011411314
Plain Chachalaca,0.498371083,0.136438789,300,2,3110,220,330,NA,NA,NA,NA,FALSE,NA,NA,NA,FALSE,NA,NA
Plumbeous Vireo,0.328010835,0.012195375,125,2,6292,105,138,PLVI,88.28045289393896,0.7962632234329377,Intercept,TRUE,0.7067378326124505,0.008780538794136983,1,TRUE,0.34709549852769794,0.01242467886858073
Prairie Falcon,0.347099863,0.003094445,300,2,3550,220,330,PRFA,379.71250585465646,190.1768239322081,Roadside,TRUE,0.43877751963937495,0.07050693583778117,1,TRUE,0.8237627833442694,0.1620943810125582
Prairie Warbler,0.199783094,0.00775599,125,2,6730,105,138,PRAW,51.70349157836364,0.652374555580554,Roadside,TRUE,0.6012203629276148,0.005069446638124087,3,TRUE,0.5087937512051612,0.008432127548148094
Prothonotary Warbler,0.170661673,0.007759922,125,2,6370,105,138,PROW,52.213050606349555,0.9737501442111807,Roadside,TRUE,0.5408765841388185,0.009056669670230555,6,TRUE,0.6145641515967858,0.01674599437701413
Purple Finch,0.208481863,0.010983563,125,2,5170,105,138,PUFI,79.85407031039563,0.5079369298648615,Intercept,TRUE,0.3389882927677821,0.018058656635214276,8,TRUE,1.0817897068063327,0.05332269352154839
Purple Martin,0.24446211,0.028144531,200,1.25,6110,140,220,PUMA,71.12575559084874,0.6268729407764724,Intercept,TRUE,0.36537808345827516,0.034035736221766144,7,TRUE,1.0068226164258163,0.09342294946364388
Pygmy Nuthatch,0.462447564,0.023220006,125,1.75,7300,105,138,PYNU,60.9589323181922,0.4541251975981986,Intercept,TRUE,0.5669674547872839,0.017222630217407386,5,TRUE,0.5674533758659944,0.03038610132588926
Pyrrhuloxia,0.172854465,0.013073557,200,1.75,5940,140,220,PYRR,103.54420290505874,2.3723122435755357,Intercept,TRUE,0.6992039569545399,0.03787282467446751,3,TRUE,0.3578127953968995,0.05421869855600289
Red Crossbill,0.337778176,0.023354528,125,1.5,5210,105,138,RECR,81.60867335637697,0.3487566832280322,Intercept,TRUE,0.4200972735432784,0.013912776118552794,8,TRUE,0.8672689908462412,0.03313010309983416
Red-bellied Woodpecker,0.364972699,0.012239403,200,1.75,4090,140,220,RBWO,89.4343042718575,0.7466835189027918,Roadside,TRUE,0.4345841728345654,0.004857248917071788,5,TRUE,0.8333656295989166,0.011177239053207277
Red-breasted Nuthatch,0.218424232,0.008984852,125,1.75,7280,105,138,RBNU,90.10697243704081,0.21664823631444818,Intercept,TRUE,0.5167642080021068,0.004363507195975946,7,TRUE,0.6601685858739867,0.008444104367425764
Red-breasted Sapsucker,0.221030989,0.007558361,125,1.5,4030,105,138,RBSA,69.69821797381205,0.765320112382156,Intercept,TRUE,0.12370394172934684,0.04483910418138093,6,TRUE,2.0898641348581806,0.3797278562249261
Red-cockaded Woodpecker,0.27959732,0.034920096,125,1.5,3950,105,138,RCWO,51.858563406893865,2.144447683062946,Roadside,TRUE,0.31064011485286236,0.050483294136642154,7,TRUE,1.1691202238290024,0.16396757364019243
Red-eyed Vireo,0.250511261,0.017879662,125,2,6240,105,138,REVI,79.8617728703121,0.25116905291802993,Roadside,TRUE,0.6745345941091797,0.001759988488331532,9,TRUE,0.39373231612592074,0.0026091952846332422
Red-faced Warbler,0.148410299,0.009848297,125,2,6900,105,138,RFWA,63.739568852995276,1.8626935014537622,Intercept,TRUE,0.7376363696641499,0.031355391160075796,3,TRUE,0.3043042998423566,0.04253355521910804
Red-headed Woodpecker,0.27695727,0.007585097,200,1.25,4060,140,220,RHWO,99.43007502246772,0.8700448549085777,Intercept,TRUE,0.4486057022987662,0.010157574953584603,8,TRUE,0.8016109456554481,0.022646416026350702
Red-naped Sapsucker,0.203846865,0.008044308,125,2,4021,105,138,RNSA,89.14031982760835,1.15871345029106,Intercept,TRUE,0.42087826869451517,0.02210095984899485,2,TRUE,0.8654116351051226,0.05255987144763219
Red-shouldered Hawk,0.310636921,0.00749664,200,2,3390,140,220,RSHA,118.20692118881158,1.7582427545721373,Intercept,TRUE,0.3715825505835789,0.012782154687237868,2,TRUE,0.9899842306703454,0.03441281079638969
Red-tailed Hawk,0.437107989,0.008314715,300,1.25,3370,220,330,RTHA,153.90251735597286,1.5717476450836614,Intercept,TRUE,0.5802113593452278,0.015022891208077926,9,TRUE,0.5443628291596545,0.025897889513904093
Red-winged Blackbird,0.294722634,0.048341194,200,1.25,4980,140,220,RWBL,106.86616145908903,0.16336161586812636,Intercept,TRUE,0.6205151908168347,0.0026612574619716556,9,TRUE,0.4772051930628738,0.004288813260853952
Ring-necked Pheasant,0.748822706,0.0176056,300,2,3091,220,330,RNEP,226.16530444252527,5.129196803807076,Intercept,TRUE,0.5167021492996182,0.020100834204827223,7,TRUE,0.6602886840312702,0.038921811159170594
Rock Pigeon,0.541589606,0.032519759,200,1,3131,140,220,ROPI,139.24532389779174,0.7390602482074371,Intercept,TRUE,0.4149075963070914,0.013601630197792647,8,TRUE,0.8796994430447301,0.03279406289405079
Rock Ptarmigan,0.516304491,0.161395519,125,2,3020,105,138,ROPT,NA,NA,NA,FALSE,0.6205477031008841,0.09217531908109311,3,TRUE,0.477152798805957,0.14964578443497853
Rock Wren,0.245743709,0.009882728,200,2,7150,140,220,ROWR,157.6047627953251,1.0490471400133856,Intercept,TRUE,0.7466060415964249,0.004405902725416244,6,TRUE,0.2922176203880984,0.005901310230149004
Rose-breasted Grosbeak,0.152079089,0.007135443,200,2,5950,140,220,RBGR,99.55842997458967,0.8307791144358987,Roadside,TRUE,0.48434168233838715,0.007733150918942944,9,TRUE,0.7249646660900934,0.015967669976012955
Rough-legged Hawk,0.429513809,0.219098555,300,2,3470,220,330,NA,NA,NA,NA,FALSE,NA,NA,NA,FALSE,NA,NA
Ruby-crowned Kinglet,0.135844836,0.011392073,125,2,7490,105,138,RCKI,92.75051684998516,1.1130952500011944,Roadside,TRUE,0.6699327946604541,0.0035681893833063305,3,TRUE,0.40057787810509066,0.005326240413182526
Ruby-throated Hummingbird,0.296114683,0.004821445,50,2,4280,26,55,RTHU,35.049404164929676,0,Roadside,TRUE,0.1958880027233577,0.015540608026720582,1,TRUE,1.6302121977479511,0.07950122112810187
Ruffed Grouse,0.338156837,0.007402574,200,2,3000,140,220,RUGR,107.51884273617983,0.9515191098313664,Intercept,TRUE,0.5029957987063595,0.016980426507236523,7,TRUE,0.6871734613897263,0.033771418173770607
Rufous Hummingbird,0.310051644,0.008407568,50,1.5,4330,26,55,RUHU,25.28621069045783,0.5784043499059752,Intercept,TRUE,0.3174615542709792,0.043813808806758614,1,TRUE,1.1473985568915464,0.13889938368728194
Rufous-crowned Sparrow,0.35990617,0.014617059,200,2,5800,140,220,RCSP,83.26653332724233,1.3548080640090916,Intercept,TRUE,0.6492115703648973,0.02314228045057315,3,TRUE,0.43199662100375863,0.035661856955877924
Rufous-winged Sparrow,0.332798461,0.023386542,200,1.75,5790,140,220,RWSP,50.293511816245896,1.1111965766879806,Intercept,TRUE,0.4468014102530471,0.316434473213663,3,TRUE,0.8056410554513227,0.883607034558996
Rusty Blackbird,0.355534902,0.008725154,125,1.75,5090,105,138,RUBL,79.304104560892,1.5888666816940926,Intercept,TRUE,0.3158643068329471,0.04550360025050526,3,TRUE,1.1524425663740632,0.14506977742413774
Sage Thrasher,0.1967526,0.015607969,200,2,7020,140,220,SATH,174.20965479620148,1.4344944182948751,Intercept,TRUE,0.8570014256226041,0.004508068244277241,7,TRUE,0.15431569688211896,0.005260329435208419
Sagebrush Sparrow,0.358413472,0.061624713,200,2,5738,140,220,SABS,108.06234664465333,2.608070908694245,Roadside,TRUE,0.8011538441645871,0.005916832233755109,7,TRUE,0.22170228523159394,0.00738552258869439
Saltmarsh Sparrow,0.457471505,0.125282849,125,1.25,5490,105,138,NA,NA,NA,NA,FALSE,NA,NA,NA,FALSE,NA,NA
Savannah Sparrow,0.357062427,0.025102403,125,2,5420,105,138,SAVS,89.90525210151485,0.4050829864629435,Roadside,TRUE,0.6205940292801109,0.005624971373689169,9,TRUE,0.477078147896976,0.009064098513185986
Say's Phoebe,0.942517033,0.009950062,200,2,4570,140,220,SAPH,158.72682468910264,2.2910062329572014,Intercept,TRUE,0.5612577393067515,0.024794183981299067,9,TRUE,0.577575050610053,0.04420488130489625
Scaled Quail,0.533186089,0.016925686,200,1.75,2930,140,220,SCQU,213.83232193063645,27.779109030024003,Roadside,TRUE,0.6365581551450334,0.016679705318729865,1,TRUE,0.45167949808057145,0.026208955391544136
Scarlet Tanager,0.101735649,0.006773229,200,2,6080,140,220,SCTA,65.44333523350426,0.24281308867252704,Intercept,TRUE,0.5182041124465804,0.004545896669109595,5,TRUE,0.6573860748636561,0.008772630659006964
Scissor-tailed Flycatcher,0.27142701,0.021457588,200,2,4430,140,220,STFL,102.54726145007446,2.2977079797899123,Intercept,TRUE,0.23378340682839505,0.07189629961821459,4,TRUE,1.4533602041120697,0.31781930978790307
Scott's Oriole,0.238065553,0.008735328,125,1.75,5040,105,138,SCOR,125.1119590321631,3.475810271122185,Intercept,TRUE,0.5430929376847884,0.03176801128682982,2,TRUE,0.6104748177364584,0.05856146587818273
Seaside Sparrow,0.457471505,0.125282849,125,1.25,5500,105,138,NA,NA,NA,NA,FALSE,NA,NA,NA,FALSE,NA,NA
Sedge Wren,0.459508553,0.012025593,125,2,7240,105,138,SEWR,95.43259190955733,1.1948335817053888,Intercept,TRUE,0.5199224192780669,0.009871708474000485,7,TRUE,0.6540756722331758,0.018989169578233434
Sharp-shinned Hawk,0.19572212,0.001721087,125,2,3320,105,138,SSHA,72.54764115762431,1.9310524674912344,Intercept,TRUE,0.3149724800728132,0.0538986437061057,1,TRUE,1.1552700088212466,0.1728220298563367
Sharp-tailed Grouse,0.307188253,0.010358181,200,2,3080,140,220,STGR,200.35514313827372,7.142785678780527,Intercept,TRUE,0.2594847196031771,0.0510461755485202,8,TRUE,1.3490574621053881,0.19931957633102348
Short-eared Owl,0.381400506,0.008177428,200,1.75,3670,140,220,SEOW,206.74974984302298,43.112681093330025,Roadside,TRUE,0.43840051077755327,0.059716572294154724,1,TRUE,0.824622378254226,0.13706661709813656
Smith's Longspur,0.479198426,0.03584308,200,1.5,5370,140,220,NA,NA,NA,NA,FALSE,NA,NA,NA,FALSE,NA,NA
Snow Bunting,0.477568371,0.036353088,200,1.75,5340,140,220,SNBU,NA,NA,NA,FALSE,0.7546799770191699,0.05264548947861136,5,TRUE,0.2814614910898172,0.06987218040265279
Song Sparrow,0.377871011,0.025177923,125,2,5810,105,138,SOSP,84.01267715664251,0.2483825922039955,Roadside,TRUE,0.5664055716562049,0.0033734617192838767,7,TRUE,0.5684448996873711,0.005955982387457204
Sooty Grouse,0.516304491,0.161395519,200,2,2971,140,220,SOGR,108.15992678754677,4.1260725384088985,Intercept,TRUE,0.5760933457376556,0.043648854783502444,1,TRUE,0.551485572843999,0.07591246807331314
Spotted Owl,2.740272194,0.005507563,200,2,3690,140,220,NA,NA,NA,NA,FALSE,NA,NA,NA,FALSE,NA,NA
Spotted Towhee,0.808232166,0.02023887,125,2,5880,105,138,SPTO,74.7739106087525,0.17081628505947322,Intercept,TRUE,0.7271639061089972,0.0029738620745341504,6,TRUE,0.3186033714142141,0.00408969508719198
Sprague's Pipit,0.329678876,0.01811783,200,2,7000,140,220,SPPI,125.43645357149929,2.8641584586733444,Intercept,TRUE,0.8843399592504874,0.006199625847063794,3,TRUE,0.12291372098442765,0.007010570254663423
Spruce Grouse,0.516304491,0.161395519,50,2,2980,26,55,SPGR,76.20878169340338,19.455048066686963,Roadside,TRUE,0.5890532186902038,0.07026323394080403,7,TRUE,0.5292387450995155,0.11985223644716636
Steller's Jay,0.183671434,0.011063169,200,1.25,4780,140,220,STJA,99.58656464689642,0.39593430177308875,Intercept,TRUE,0.5493181243187801,0.008290176902844781,5,TRUE,0.599077543877003,0.015092905213519026
Sulphur-bellied Flycatcher,0.309093639,0.270946381,200,1.75,4510,140,220,NA,NA,NA,NA,FALSE,NA,NA,NA,FALSE,NA,NA
Summer Tanager,0.278798745,0.012069164,125,2,6100,105,138,SUTA,57.88997639925081,0.2332176047213501,Intercept,TRUE,0.5602398782037925,0.0064918261860748006,7,TRUE,0.5793902330349545,0.011588101845427079
Swainson's Hawk,0.14557514,0.006763745,300,1.5,3420,220,330,SWHA,238.96696848515367,7.372319104343802,Intercept,TRUE,0.5079499940502921,0.022779981136841043,2,TRUE,0.6773722731577595,0.04487699949737334
Swainson's Thrush,0.516449016,0.025017579,200,2,7580,140,220,SWTH,84.52097031567799,0.17977301209904795,Intercept,TRUE,0.653862392443094,0.0035520961199133616,8,TRUE,0.4248583587724594,0.005432536118581854
Swainson's Warbler,0.334319283,0.004325713,200,2,6380,140,220,SWWA,59.75179394173461,2.331555984028597,Roadside,TRUE,0.5170857284055825,0.018854943993661444,2,TRUE,0.6595465992538425,0.036480038465433684
Swallow-tailed Kite,0.640378832,0.011657387,300,1.25,3270,220,330,NA,NA,NA,NA,FALSE,NA,NA,NA,FALSE,NA,NA
Swamp Sparrow,0.505455805,0.013070146,125,2,5840,105,138,SWSP,92.47971563494961,0.8552576381927324,Roadside,TRUE,0.5154995137514395,0.009011147312084189,8,TRUE,0.6626189187817466,0.0174821994405569
Tennessee Warbler,0.19793209,0.016972245,125,2,6470,105,138,TEWA,72.19879911914803,1.5945895270843806,Roadside,TRUE,0.7145768493337333,0.004011907931752878,7,TRUE,0.3360647305958463,0.005614441735413228
Thick-billed Kingbird,0.287611169,0.196137195,200,2,4451,140,220,NA,NA,NA,NA,FALSE,NA,NA,NA,FALSE,NA,NA
Townsend's Solitaire,0.117084632,0.005982225,200,2,7540,140,220,TOSO,108.75681234519104,0.7307745671284351,Intercept,TRUE,0.5539942711954586,0.009353030303320242,2,TRUE,0.590600933090741,0.016884505093959945
Townsend's Warbler,0.194158878,0.013715638,100,2,6680,84,110,TOWA,59.70567911219824,0.29126647433164266,Intercept,TRUE,0.8136157693353596,0.005596796651193059,7,TRUE,0.20626705226334774,0.0068790271082349586
Tree Swallow,0.136023938,0.016419183,200,1.75,6140,140,220,TRES,87.05762191364869,0.42075678189574006,Roadside,TRUE,0.47458182611780475,0.005466832118699527,8,TRUE,0.7453212287650732,0.011519770967264531
Tricolored Blackbird,0.294323111,0.048306448,200,1,5000,140,220,TRBL,116.33121543965477,1.6938516499613314,Intercept,TRUE,NA,NA,NA,FALSE,NA,NA
Tufted Titmouse,0.165596732,0.012740487,200,1.25,7310,140,220,TUTI,63.19423609060018,0.16905141269105073,Intercept,TRUE,0.5389996252355804,0.002980352677505349,5,TRUE,0.6180404033691508,0.005529471474041037
Turkey Vulture,1.094905764,0.02839236,400,1.75,3250,320,440,TUVU,172.19478513718605,1.667784711794809,Intercept,TRUE,0.28439753098934006,0.019481657256690876,9,TRUE,1.2573822625628168,0.06860894868021561
Varied Bunting,0.342755297,0.067921347000000007,125,1.75,6000,105,138,NA,NA,NA,NA,FALSE,NA,NA,NA,FALSE,NA,NA
Varied Thrush,0.836969707,0.023621132,200,2,7630,140,220,VATH,106.73064128682694,0.7277076313303894,Intercept,TRUE,0.6633813039750498,0.009639569043098428,8,TRUE,0.4104053349961703,0.0145319856509383
Vaux's Swift,0.81044058,0.01750757,200,1.75,4240,140,220,VASW,64.38458568121268,1.4141416844883956,Intercept,TRUE,0.19549474625675245,0.06790022775827881,7,TRUE,1.632221773284807,0.36239864821345424
Veery,0.483652865,0.014851972,200,2,7560,140,220,VEER,102.22881745103716,0.35580816090462974,Intercept,TRUE,0.5391134054757547,0.0047217785085214015,7,TRUE,0.617829330434578,0.008758638167240318
Verdin,0.216241891,0.01368995,125,1.5,7460,105,138,VERD,64.57466908605994,1.2319760383457279,Intercept,TRUE,0.4749525535134369,0.0716252889180341,9,TRUE,0.7445403672767011,0.15196421611970973
Vermilion Flycatcher,0.309093639,0.270946381,125,2,4710,105,138,NA,NA,NA,NA,FALSE,NA,NA,NA,FALSE,NA,NA
Vesper Sparrow,0.395480333,0.023570974,200,2,5400,140,220,VESP,116.58662500383717,0.38576690011130665,Intercept,TRUE,0.7198562817800082,0.0036731708578735534,8,TRUE,0.3287036955353694,0.005102689009975708
Violet-green Swallow,0.195622727,0.024180882,200,1.5,6150,140,220,VGSW,75.7867056309589,0.35960023878448055,Intercept,TRUE,0.45089064004623625,0.012889009983262423,9,TRUE,0.7965304521510486,0.02859345763848198
Virginia's Warbler,0.123544103,0.007611996,125,2,6440,105,138,VIWA,70.28806000949693,0.7530685090352662,Intercept,TRUE,0.716009955838626,0.010282543041891412,4,TRUE,0.334061207315612,0.014361881311683089
Warbling Vireo,0.230417562,0.011166342,125,2,6270,105,138,WAVI,80.57067358435496,0.47676147624087406,Roadside,TRUE,0.7189357339503063,0.004676989403875953,9,TRUE,0.32998330780072377,0.006505526380838289
Western Bluebird,0.696104544,0.017579858,125,2,7670,105,138,WEBL,64.96276005957895,0.5275060391533302,Intercept,TRUE,0.4713495291001395,0.018257649092236705,1,TRUE,0.7521553601854761,0.03875423094503516
Western Kingbird,0.592717171,0.021322477,200,2,4470,140,220,WEKI,94.92522014840955,0.5365139876933682,Intercept,TRUE,0.5155320170438384,0.011017770562776197,4,TRUE,0.6625558687363526,0.02137490612541315
Western Meadowlark,0.27317075,0.029996622,200,1.5,5011,140,220,WEME,171.90815790839468,0.3543187164032844,Intercept,TRUE,0.863217620060022,0.0011020969522320678,7,TRUE,0.14708845275810356,0.0012767319913810082
Western Screech-Owl,2.687968772,0.002995476,125,2,3732,105,138,NA,NA,NA,NA,FALSE,NA,NA,NA,FALSE,NA,NA
Western Scrub-Jay,0.162746284,0.013553083,200,1.25,4810,140,220,NA,NA,NA,NA,FALSE,NA,NA,NA,FALSE,NA,NA
Western Tanager,0.447457356,0.014480276,200,2,6070,140,220,WETA,87.91619643786976,0.20288542499096707,Intercept,TRUE,0.7061088512973062,0.003525860774807432,8,TRUE,0.347985873065658,0.004993408697594237
Western Wood-Pewee,0.114093527,0.013682786,200,2,4620,140,220,WEWP,94.14430260393586,0.31928386428614886,Intercept,TRUE,0.7304420447118454,0.0040747062352712304,7,TRUE,0.31410538740433297,0.005578469273565312
White-breasted Nuthatch,0.300171347,0.007606023,125,1.5,7270,105,138,WBNU,65.55807068108216,0.23888577308110825,Intercept,TRUE,0.43578449689532317,0.007275051761518325,9,TRUE,0.8306074310022195,0.016695701122248663
White-crowned Sparrow,0.735826366,0.024616882,200,2,5540,140,220,WCSP,99.76813716986577,0.38169429772251817,Intercept,TRUE,0.6044503872272122,0.0064479680055796185,7,TRUE,0.5034356847069739,0.01066789391059153
White-eyed Vireo,0.345526823,0.014272054,125,2,6310,105,138,WEVI,53.324005420080894,0.19909106613398464,Intercept,TRUE,0.6212014836158051,0.006032156382389187,9,TRUE,0.4760997994042673,0.009710772026886083
White-headed Woodpecker,0.27959732,0.034920096,125,2,3990,105,138,WHWO,89.7833021310839,1.4064055892660434,Intercept,TRUE,0.43064903954678224,0.05051209952472563,1,TRUE,0.8424618139902813,0.11783533309261274
White-tailed Kite,0.393264523,0.22105359,300,1.5,3280,220,330,WTKI,171.52813344015183,6.136446576254301,Intercept,TRUE,NA,NA,NA,FALSE,NA,NA
White-throated Sparrow,0.810191169,0.028959236,200,2,5580,140,220,WTSP,124.94544438161154,0.8216482323772283,Roadside,TRUE,0.5668476814348156,0.003389104235786977,8,TRUE,0.5676646507891939,0.005978933549271426
White-throated Swift,1.44612641,0.03742553,200,1.25,4250,140,220,WTSW,129.50886480879177,1.5913384198012892,Intercept,TRUE,0.6567728853137386,0.017572351755774318,8,TRUE,0.4204170047141453,0.026761985881880834
White-winged Crossbill,0.315993228,0.034746756,125,1.25,5220,105,138,WWCR,86.29982424285096,2.777591431534624,Roadside,TRUE,0.33754858980890834,0.014844531615723133,3,TRUE,1.0860458092280374,0.04400584996023682
White-winged Dove,0.154560911,0.01908313,200,1.5,3190,140,220,WWDO,140.26979122413374,15.97750495744792,Roadside,TRUE,0.6291605014362464,0.033007332595938466,3,TRUE,0.4633688856168056,0.05251071039339755
Wild Turkey,0.501379602,0.011786697,300,1.75,3100,220,330,WITU,135.30318356671685,1.6303069845101845,Intercept,TRUE,0.4765173378533597,0.014028324142807247,4,TRUE,0.7412511707085704,0.02944778244811458
Williamson's Sapsucker,0.129722328,0.00726301,125,1.5,4040,105,138,WISA,83.23739124367064,1.8357295633308013,Intercept,TRUE,0.45568597273558675,0.04054704186384017,3,TRUE,0.7859513629820167,0.08921618325829167
Willow Flycatcher,0.192252001,0.007418508,125,2,4660,105,138,WIFL,94.23219751884155,1.815248814017778,Roadside,TRUE,0.6125366722002037,0.020272526159974102,7,TRUE,0.4901464653756459,0.03310811215500695
Willow Ptarmigan,0.516304491,0.161395519,125,2,3010,105,138,WIPT,144.99044650312072,5.619495115666439,Intercept,TRUE,0.20217145633339428,0.06050735799306889,1,TRUE,1.5986391478729471,0.30873664841330195
Wilson's Warbler,0.150728497,0.010994367,100,2,6850,84,110,WIWA,57.88041545841752,0.2075273387447325,Intercept,TRUE,0.5953240628662153,0.012584779050247075,9,TRUE,0.5186493782283009,0.02114252545516651
Winter Wren,0.450595909,0.010210473,200,1.75,7222,140,220,WIWR,112.63603286014508,1.3470125179870678,Roadside,TRUE,0.6180928831086526,0.007134929789763433,9,TRUE,0.48111653652548436,0.011543971664012609
Wood Thrush,0.841982739,0.014786107,200,2,7550,140,220,WOTH,92.81549111164298,0.8036882440106581,Roadside,TRUE,0.5864406097667156,0.0056892226992274475,9,TRUE,0.5336838781357984,0.009701581190865782
Worm-eating Warbler,0.308009094,0.006566743,125,2,6390,105,138,WEWA,43.33949593910025,0.20620378895095826,Intercept,TRUE,0.5595130384369174,0.009193632869883839,6,TRUE,0.5806884477717164,0.016432968993504216
Wrentit,0.568239126,0.018344846,200,2,7420,140,220,WREN,97.8188527405069,0.5602270187509859,Intercept,TRUE,0.49527575902355137,0.022355800369798173,5,TRUE,0.7026405825934144,0.045168780156720656
Yellow Warbler,0.100828316,0.012896374,125,2,6520,105,138,YEWA,80.00684716662998,0.4570638203682549,Roadside,TRUE,0.6190792093498259,0.004511963950054931,7,TRUE,0.4795220510757171,0.007288314278294045
Yellow-bellied Flycatcher,0.180646794,0.007272063,125,2,4630,105,138,YBFL,82.06562496382121,0.5495580215496574,Intercept,TRUE,0.6100116400635279,0.009443715481289805,7,TRUE,0.4942772399254833,0.015482442335145452
Yellow-bellied Sapsucker,0.505398175,0.010805358,125,1.5,4020,105,138,YBSA,103.8855700645593,1.1733937898994924,Roadside,TRUE,0.3505880561594955,0.006632269394121426,6,TRUE,1.0481433739335475,0.018919813780462258
Yellow-billed Cuckoo,0.322683865,0.010071364,200,2,3870,140,220,YBCU,80.38952187353024,0.7531145224427149,Roadside,TRUE,0.3835420373838003,0.007352144825689078,9,TRUE,0.9583060491005027,0.019171420159722896
Yellow-billed Magpie,0.23569267,0.020256739,300,1.5,4760,220,330,YBMA,78.61390598116036,2.3159548608196303,Intercept,TRUE,NA,NA,NA,FALSE,NA,NA
Yellow-breasted Chat,0.530142376,0.016546429,200,2,6830,140,220,YBCH,75.02973150591293,0.2557318641241295,Intercept,TRUE,0.6259062692836885,0.0046507921996032375,8,TRUE,0.46855464867140323,0.007430629831034596
Yellow-eyed Junco,0.54144219,0.066924724,125,1.5,5700,105,138,NA,NA,NA,NA,FALSE,NA,NA,NA,FALSE,NA,NA
Yellow-headed Blackbird,0.352608969,0.031402487,200,1,4970,140,220,YHBL,91.68926441976885,1.3395369007643154,Roadside,TRUE,0.6444638028645067,0.00764820781196901,6,TRUE,0.4393366213073225,0.011868109369537111
Yellow-rumped Warbler,0.260143255,0.050020994,125,2,6550,105,138,YRWA,67.13739481047651,0.37062413525563187,Roadside,TRUE,0.6269749178756142,0.002203486389093179,6,TRUE,0.4668487425375483,0.0035144874196275933
Yellow-throated Vireo,0.234056711,0.007699809,125,2,6280,105,138,YTVI,65.01034733617807,0.9012307963406485,Roadside,TRUE,0.48695984500951517,0.00918346693618316,7,TRUE,0.7195736130782766,0.01886101281917285
Yellow-throated Warbler,0.10886397,0.007825739,125,2,6630,105,138,YTWA,51.797180882790315,0.4404415151670271,Intercept,TRUE,0.4901015877110644,0.01057164235099567,5,TRUE,0.7131425875063564,0.02157365464404376
Zone-tailed Hawk,0.429513809,0.219098555,300,2,3400,220,330,NA,NA,NA,NA,FALSE,NA,NA,NA,FALSE,NA,NA
