common_name,species,Global Median,Global lower bound_80,Global upper bound_80,Global lower bound_95,Global upper bound_95,US_CAN Median,US_CAN lower bound_80,US_CAN upper bound_80,US_CAN lower bound_95,US_CAN upper bound_95,PS.Score,PS lower bound_80,PS upper bound_80,PS lower bound_95,PS upper bound_95
Mountain Quail,Oreortyx pictus,260000,2.00E+05,330000,180000,360000,250000,2.00E+05,310000,170000,350000,4,4,4,4,4
Scaled Quail,Callipepla squamata,4900000,4.00E+06,6.00E+06,3700000,6600000,2400000,1900000,2900000,1800000,3200000,3,3,2,3,2
California Quail,Callipepla californica,4500000,3600000,5500000,3200000,6.00E+06,3300000,2700000,4100000,2400000,4500000,3,3,2,3,2
Gambel's Quail,Callipepla gambelii,7.00E+06,5600000,8600000,4900000,9500000,5200000,4100000,6300000,3600000,7.00E+06,2,2,2,3,2
Chukar,Alectoris chukar,7600000,5500000,1.00E+07,4600000,1.20E+07,380000,280000,520000,230000,610000,2,2,2,3,2
Gray Partridge,Perdix perdix,8200000,6900000,9700000,6400000,1.00E+07,820000,690000,970000,640000,1.00E+06,2,2,2,2,2
Ring-necked Pheasant,Phasianus colchicus,5.50E+07,5.00E+07,6.10E+07,4.80E+07,6.50E+07,1.70E+07,1.50E+07,1.80E+07,1.40E+07,1.90E+07,1,1,1,2,1
Willow Ptarmigan,Lagopus lagopus,4.10E+07,2.90E+07,6.00E+07,2.40E+07,7.10E+07,1.20E+07,8600000,1.80E+07,7200000,2.10E+07,2,2,1,2,1
Rock Ptarmigan,Lagopus muta,7900000,7100000,9100000,6800000,9800000,3900000,3600000,4500000,3400000,4900000,2,2,2,2,2
Sharp-tailed Grouse,Tympanuchus phasianellus,760000,630000,9.00E+05,570000,980000,760000,630000,9.00E+05,570000,980000,3,3,3,3,3
Greater Prairie-Chicken,Tympanuchus cupido,350000,240000,5.00E+05,2.00E+05,630000,350000,240000,5.00E+05,2.00E+05,630000,4,4,3,4,3
Rock Pigeon,Columba livia,1.60E+08,1.50E+08,1.80E+08,1.50E+08,1.80E+08,1.60E+07,1.50E+07,1.70E+07,1.50E+07,1.80E+07,1,1,1,1,1
Band-tailed Pigeon,Patagioenas fasciata,3100000,2400000,3800000,2200000,4200000,1400000,1200000,1800000,1.00E+06,2.00E+06,3,3,3,3,3
Inca Dove,Columbina inca,1900000,1600000,2200000,1500000,2300000,620000,530000,710000,490000,770000,3,3,3,3,3
Common Ground-Dove,Columbina passerina,1.10E+07,9800000,1.30E+07,9.00E+06,1.40E+07,2.00E+06,1700000,2300000,1600000,2400000,2,2,2,2,2
White-winged Dove,Zenaida asiatica,8800000,6900000,1.10E+07,6300000,1.30E+07,5.00E+06,4.00E+06,6500000,3600000,7400000,2,2,2,2,2
Mourning Dove,Zenaida macroura,1.60E+08,1.50E+08,1.60E+08,1.40E+08,1.70E+08,1.30E+08,1.30E+08,1.40E+08,1.20E+08,1.40E+08,1,1,1,1,1
Yellow-billed Cuckoo,Coccyzus americanus,9700000,9100000,1.00E+07,8800000,1.10E+07,8400000,7800000,8900000,7600000,9200000,2,2,2,2,2
Black-billed Cuckoo,Coccyzus erythropthalmus,870000,780000,970000,740000,1100000,870000,780000,970000,740000,1100000,3,3,3,3,3
Greater Roadrunner,Geococcyx californianus,1300000,1200000,1500000,1100000,1600000,830000,730000,950000,690000,1.00E+06,3,3,3,3,3
Lesser Nighthawk,Chordeiles acutipennis,1.40E+07,1.00E+07,1.80E+07,9.00E+06,2.10E+07,3700000,2800000,4800000,2400000,5500000,2,2,2,2,2
Common Nighthawk,Chordeiles minor,2.30E+07,2.20E+07,2.50E+07,2.10E+07,2.60E+07,2.20E+07,2.00E+07,2.40E+07,1.90E+07,2.50E+07,2,2,2,2,2
Common Poorwill,Phalaenoptilus nuttallii,1700000,1400000,2100000,1200000,2300000,1300000,1100000,1600000,970000,1800000,3,3,3,3,3
Chuck-will's-widow,Antrostomus carolinensis,5600000,5.00E+06,6200000,4800000,6600000,5600000,5.00E+06,6200000,4800000,6600000,2,2,2,3,2
Eastern Whip-poor-will,Antrostomus vociferus,1800000,1600000,2100000,1400000,2200000,1800000,1600000,2100000,1400000,2200000,3,3,3,3,3
Mexican Whip-poor-will,Antrostomus arizonae,240000,41000,550000,12000,790000,46000,8000,110000,2300,150000,4,5,3,5,3
Black Swift,Cypseloides niger,220000,120000,4.00E+05,97000,560000,80000,45000,140000,35000,2.00E+05,4,4,4,4,3
Chimney Swift,Chaetura pelagica,8800000,8300000,9400000,8.00E+06,9700000,8800000,8300000,9400000,8.00E+06,9700000,2,2,2,2,2
Vaux's Swift,Chaetura vauxi,740000,580000,950000,520000,1100000,410000,320000,530000,280000,610000,3,3,3,3,3
White-throated Swift,Aeronautes saxatalis,3500000,2700000,4400000,2400000,4900000,2400000,1800000,3.00E+06,1600000,3300000,3,3,3,3,3
Ruby-throated Hummingbird,Archilochus colubris,3.60E+07,3.30E+07,3.90E+07,3.10E+07,4.10E+07,3.60E+07,3.30E+07,3.90E+07,3.10E+07,4.10E+07,2,2,2,2,2
Black-chinned Hummingbird,Archilochus alexandri,9300000,7600000,1.10E+07,6700000,1.30E+07,8100000,6600000,9900000,5800000,1.10E+07,2,2,2,2,2
Anna's Hummingbird,Calypte anna,8200000,5800000,1.40E+07,5100000,1.70E+07,7900000,5500000,1.40E+07,4900000,1.70E+07,2,2,2,2,2
Costa's Hummingbird,Calypte costae,3.00E+06,1700000,5300000,1300000,6600000,1500000,810000,2500000,610000,3200000,3,3,2,3,2
Broad-tailed Hummingbird,Selasphorus platycercus,1.40E+07,1.10E+07,1.80E+07,9400000,2.00E+07,8700000,6800000,1.10E+07,5900000,1.20E+07,2,2,2,2,2
Rufous Hummingbird,Selasphorus rufus,2.10E+07,1.60E+07,2.80E+07,1.40E+07,3.30E+07,2.10E+07,1.60E+07,2.80E+07,1.40E+07,3.30E+07,2,2,2,2,2
Allen's Hummingbird,Selasphorus sasin,1200000,510000,2800000,350000,4500000,1200000,510000,2800000,350000,4500000,3,3,3,4,3
Calliope Hummingbird,Selasphorus calliope,4400000,3200000,5800000,2700000,7.00E+06,4400000,3200000,5800000,2700000,7.00E+06,3,3,2,3,2
Turkey Vulture,Cathartes aura,2.90E+07,2.80E+07,3.10E+07,2.70E+07,3.20E+07,8400000,8.00E+06,8900000,7700000,9200000,2,2,2,2,2
Osprey,Pandion haliaetus,820000,720000,920000,670000,990000,4.00E+05,350000,450000,330000,480000,3,3,3,3,3
Mississippi Kite,Ictinia mississippiensis,690000,590000,810000,540000,880000,690000,590000,810000,540000,880000,3,3,3,3,3
Northern Harrier,Circus hudsonius,1600000,1500000,1800000,1500000,1800000,820000,760000,890000,730000,920000,3,3,3,3,3
Sharp-shinned Hawk,Accipiter striatus,620000,520000,750000,470000,810000,4.00E+05,340000,480000,3.00E+05,520000,3,3,3,4,3
Cooper's Hawk,Accipiter cooperii,860000,810000,920000,790000,950000,840000,790000,890000,770000,920000,3,3,3,3,3
Northern Goshawk,Accipiter gentilis,420000,340000,520000,3.00E+05,570000,2.00E+05,160000,250000,150000,280000,4,4,3,4,3
Harris's Hawk,Parabuteo unicinctus,880000,630000,1200000,530000,1500000,50000,35000,70000,30000,87000,3,3,3,3,3
Red-shouldered Hawk,Buteo lineatus,1900000,1700000,2.00E+06,1600000,2100000,1800000,1700000,2.00E+06,1600000,2100000,3,3,3,3,3
Broad-winged Hawk,Buteo platypterus,1800000,1700000,2.00E+06,1600000,2100000,1800000,1700000,1900000,1600000,2.00E+06,3,3,3,3,3
Swainson's Hawk,Buteo swainsoni,870000,8.00E+05,960000,760000,1.00E+06,820000,740000,9.00E+05,720000,960000,3,3,3,3,3
Red-tailed Hawk,Buteo jamaicensis,3100000,3.00E+06,3300000,2900000,3400000,2800000,2700000,3.00E+06,2600000,3100000,3,3,3,3,3
Rough-legged Hawk,Buteo lagopus,580000,520000,680000,5.00E+05,740000,290000,260000,340000,250000,370000,3,3,3,4,3
Ferruginous Hawk,Buteo regalis,110000,93000,130000,86000,140000,110000,93000,130000,86000,140000,4,4,4,4,4
Golden Eagle,Aquila chrysaetos,310000,280000,340000,260000,360000,150000,130000,160000,130000,170000,4,4,4,4,4
Barn Owl,Tyto alba,1900000,1400000,2400000,1200000,2800000,130000,99000,160000,82000,190000,3,3,3,3,3
Flammulated Owl,Psiloscops flammeolus,7400,1900,15000,0,21000,4400,1100,9200,0,12000,5,5,5,5,5
Western Screech-Owl,Megascops kennicottii,310000,210000,440000,160000,530000,230000,160000,330000,120000,4.00E+05,4,4,4,4,3
Eastern Screech-Owl,Megascops asio,510000,430000,620000,390000,670000,490000,410000,590000,380000,640000,3,4,3,4,3
Great Horned Owl,Bubo virginianus,6500000,5900000,7100000,5700000,7300000,3800000,3500000,4100000,3300000,4300000,2,2,2,2,2
Northern Hawk Owl,Surnia ulula,180000,110000,270000,87000,320000,88000,56000,130000,44000,160000,4,4,4,4,4
Northern Pygmy-Owl,Glaucidium gnoma,180000,130000,240000,110000,3.00E+05,120000,89000,170000,78000,210000,4,4,4,4,4
Elf Owl,Micrathene whitneyi,87000,32000,170000,10000,230000,41000,15000,83000,4900,110000,4,5,4,5,4
Burrowing Owl,Athene cunicularia,3.00E+06,2300000,4200000,2.00E+06,4900000,950000,720000,1300000,630000,1500000,3,3,3,3,3
Barred Owl,Strix varia,3500000,3300000,3900000,3100000,4100000,3400000,3200000,3800000,3.00E+06,3900000,3,3,3,3,3
Great Gray Owl,Strix nebulosa,140000,88000,210000,69000,250000,68000,44000,1.00E+05,34000,120000,4,4,4,4,4
Long-eared Owl,Asio otus,120000,76000,180000,53000,230000,36000,23000,55000,16000,69000,4,4,4,4,4
Short-eared Owl,Asio flammeus,3.00E+06,2600000,3500000,2500000,3800000,6.00E+05,520000,7.00E+05,490000,750000,3,3,3,3,3
Belted Kingfisher,Megaceryle alcyon,1800000,1700000,2.00E+06,1600000,2200000,1800000,1700000,2.00E+06,1600000,2200000,3,3,3,3,3
Lewis's Woodpecker,Melanerpes lewis,80000,60000,1.00E+05,53000,120000,80000,60000,1.00E+05,53000,120000,4,4,4,4,4
Red-headed Woodpecker,Melanerpes erythrocephalus,1800000,1600000,2.00E+06,1600000,2100000,1800000,1600000,2.00E+06,1600000,2100000,3,3,3,3,3
Acorn Woodpecker,Melanerpes formicivorus,7300000,5400000,9800000,4900000,1.10E+07,2200000,1600000,2900000,1500000,3400000,2,2,2,3,2
Gila Woodpecker,Melanerpes uropygialis,2.00E+06,1300000,3100000,1.00E+06,3700000,560000,360000,860000,290000,1.00E+06,3,3,3,3,3
Golden-fronted Woodpecker,Melanerpes aurifrons,3500000,2700000,4400000,2400000,4900000,790000,620000,1.00E+06,560000,1100000,3,3,3,3,3
Red-bellied Woodpecker,Melanerpes carolinus,1.50E+07,1.50E+07,1.60E+07,1.40E+07,1.70E+07,1.50E+07,1.50E+07,1.60E+07,1.40E+07,1.70E+07,2,2,2,2,2
Williamson's Sapsucker,Sphyrapicus thyroideus,290000,240000,360000,210000,4.00E+05,290000,240000,360000,210000,4.00E+05,4,4,4,4,4
Yellow-bellied Sapsucker,Sphyrapicus varius,1.30E+07,1.20E+07,1.50E+07,1.20E+07,1.60E+07,1.30E+07,1.20E+07,1.50E+07,1.20E+07,1.60E+07,2,2,2,2,2
Red-naped Sapsucker,Sphyrapicus nuchalis,2.00E+06,1700000,2300000,1600000,2400000,2.00E+06,1700000,2300000,1600000,2400000,3,3,3,3,3
Red-breasted Sapsucker,Sphyrapicus ruber,2700000,2200000,3400000,1900000,3800000,2700000,2200000,3400000,1900000,3800000,3,3,3,3,3
Ladder-backed Woodpecker,Picoides scalaris,6600000,5900000,7400000,5500000,7900000,2400000,2100000,2700000,2.00E+06,2800000,2,2,2,2,2
Nuttall's Woodpecker,Picoides nuttallii,740000,570000,980000,510000,1100000,740000,570000,970000,5.00E+05,1100000,3,3,3,3,3
Downy Woodpecker,Picoides pubescens,1.30E+07,1.30E+07,1.40E+07,1.30E+07,1.40E+07,1.30E+07,1.30E+07,1.40E+07,1.30E+07,1.40E+07,2,2,2,2,2
Hairy Woodpecker,Picoides villosus,9100000,8500000,9700000,8200000,9900000,8700000,8100000,9200000,7900000,9500000,2,2,2,2,2
White-headed Woodpecker,Picoides albolarvatus,240000,190000,3.00E+05,170000,340000,240000,190000,3.00E+05,170000,340000,4,4,4,4,4
American Three-toed Woodpecker,Picoides dorsalis,1500000,1200000,1900000,1100000,2200000,1500000,1200000,1900000,1100000,2200000,3,3,3,3,3
Black-backed Woodpecker,Picoides arcticus,1700000,1400000,2100000,1300000,2300000,1700000,1400000,2100000,1300000,2300000,3,3,3,3,3
Northern Flicker,Colaptes auratus,1.20E+07,1.10E+07,1.20E+07,1.10E+07,1.30E+07,1.10E+07,1.00E+07,1.20E+07,1.00E+07,1.20E+07,2,2,2,2,2
Gilded Flicker,Colaptes chrysoides,450000,280000,720000,210000,890000,180000,110000,290000,85000,360000,4,4,3,4,3
Pileated Woodpecker,Dryocopus pileatus,2600000,2500000,2800000,2400000,2900000,2600000,2500000,2800000,2400000,2900000,3,3,3,3,3
American Kestrel,Falco sparverius,5500000,5100000,5800000,5.00E+06,6.00E+06,2800000,2600000,3.00E+06,2600000,3100000,2,2,2,3,2
Merlin,Falco columbarius,3200000,2800000,3700000,2700000,3900000,1600000,1400000,1900000,1300000,2.00E+06,3,3,3,3,3
Gyrfalcon,Falco rusticolus,81000,70000,1.00E+05,68000,120000,40000,35000,51000,34000,58000,4,4,4,4,4
Prairie Falcon,Falco mexicanus,110000,98000,130000,89000,140000,97000,85000,110000,77000,120000,4,4,4,4,4
Olive-sided Flycatcher,Contopus cooperi,1900000,1700000,2200000,1600000,2300000,1900000,1700000,2200000,1600000,2300000,3,3,3,3,3
Western Wood-Pewee,Contopus sordidulus,1.00E+07,9200000,1.10E+07,8800000,1.20E+07,8800000,8.00E+06,9700000,7700000,1.00E+07,2,2,2,2,2
Eastern Wood-Pewee,Contopus virens,6500000,6100000,6800000,5900000,7.00E+06,6500000,6100000,6800000,5900000,7.00E+06,2,2,2,2,2
Yellow-bellied Flycatcher,Empidonax flaviventris,1.30E+07,1.10E+07,1.50E+07,1.00E+07,1.60E+07,1.30E+07,1.10E+07,1.50E+07,1.00E+07,1.60E+07,2,2,2,2,2
Acadian Flycatcher,Empidonax virescens,5200000,4900000,5600000,4700000,5800000,5200000,4900000,5600000,4700000,5800000,2,3,2,3,2
Alder Flycatcher,Empidonax alnorum,1.20E+08,1.10E+08,1.30E+08,9.90E+07,1.40E+08,1.20E+08,1.10E+08,1.30E+08,9.90E+07,1.40E+08,1,1,1,1,1
Willow Flycatcher,Empidonax traillii,8100000,7300000,8900000,6900000,9500000,8100000,7300000,8900000,6900000,9500000,2,2,2,2,2
Least Flycatcher,Empidonax minimus,2.70E+07,2.50E+07,2.90E+07,2.40E+07,3.00E+07,2.70E+07,2.50E+07,2.90E+07,2.40E+07,3.00E+07,2,2,2,2,2
Hammond's Flycatcher,Empidonax hammondii,2.00E+07,1.70E+07,2.30E+07,1.60E+07,2.40E+07,2.00E+07,1.70E+07,2.30E+07,1.60E+07,2.40E+07,2,2,2,2,2
Gray Flycatcher,Empidonax wrightii,2800000,2300000,3600000,2100000,4.00E+06,2800000,2300000,3600000,2100000,4.00E+06,3,3,3,3,3
Dusky Flycatcher,Empidonax oberholseri,8800000,7700000,1.00E+07,7100000,1.10E+07,8800000,7700000,1.00E+07,7.00E+06,1.10E+07,2,2,2,2,2
Pacific-slope Flycatcher,Empidonax difficilis,8600000,7300000,1.00E+07,6800000,1.10E+07,8500000,7300000,1.00E+07,6800000,1.10E+07,2,2,2,2,2
Cordilleran Flycatcher,Empidonax occidentalis,2700000,2.00E+06,3500000,1800000,4100000,1900000,1500000,2500000,1300000,2900000,3,3,3,3,3
Black Phoebe,Sayornis nigricans,6500000,5100000,8200000,4600000,9300000,1200000,9.00E+05,1500000,820000,1600000,2,2,2,3,2
Eastern Phoebe,Sayornis phoebe,3.50E+07,3.30E+07,3.60E+07,3.30E+07,3.70E+07,3.50E+07,3.30E+07,3.60E+07,3.30E+07,3.70E+07,2,2,2,2,2
Say's Phoebe,Sayornis saya,5500000,5.00E+06,6100000,4800000,6300000,5.00E+06,4600000,5500000,4400000,5800000,2,2,2,3,2
Ash-throated Flycatcher,Myiarchus cinerascens,9700000,8700000,1.10E+07,8100000,1.20E+07,6800000,6100000,7600000,5700000,8200000,2,2,2,2,2
Great Crested Flycatcher,Myiarchus crinitus,8800000,8200000,9400000,8.00E+06,9800000,8800000,8200000,9400000,8.00E+06,9800000,2,2,2,2,2
Cassin's Kingbird,Tyrannus vociferans,7100000,5800000,8500000,5300000,9500000,2500000,2.00E+06,3.00E+06,1800000,3300000,2,2,2,2,2
Western Kingbird,Tyrannus verticalis,3.00E+07,2.70E+07,3.40E+07,2.60E+07,3.50E+07,2.90E+07,2.60E+07,3.20E+07,2.50E+07,3.40E+07,2,2,2,2,2
Eastern Kingbird,Tyrannus tyrannus,2.60E+07,2.50E+07,2.70E+07,2.40E+07,2.80E+07,2.60E+07,2.50E+07,2.70E+07,2.40E+07,2.80E+07,2,2,2,2,2
Scissor-tailed Flycatcher,Tyrannus forficatus,8500000,7600000,9800000,7100000,1.00E+07,7800000,7.00E+06,9.00E+06,6500000,9600000,2,2,2,2,2
Loggerhead Shrike,Lanius ludovicianus,5400000,5.00E+06,5800000,4800000,6.00E+06,4500000,4200000,4900000,4100000,5100000,2,2,2,3,2
White-eyed Vireo,Vireo griseus,2.40E+07,2.20E+07,2.50E+07,2.20E+07,2.60E+07,2.20E+07,2.10E+07,2.30E+07,2.00E+07,2.40E+07,2,2,2,2,2
Bell's Vireo,Vireo bellii,5900000,5100000,6900000,4700000,7500000,4600000,3900000,5300000,3600000,5800000,2,2,2,3,2
Gray Vireo,Vireo vicinior,540000,370000,750000,3.00E+05,870000,530000,370000,740000,3.00E+05,850000,3,4,3,4,3
Hutton's Vireo,Vireo huttoni,2500000,2100000,2900000,2.00E+06,3200000,960000,810000,1100000,750000,1200000,3,3,3,3,3
Yellow-throated Vireo,Vireo flavifrons,4700000,4400000,5.00E+06,4300000,5200000,4700000,4400000,5.00E+06,4300000,5200000,3,3,2,3,2
Cassin's Vireo,Vireo cassinii,4600000,4100000,5200000,3800000,5400000,4500000,4.00E+06,5100000,3800000,5400000,3,3,2,3,2
Blue-headed Vireo,Vireo solitarius,1.30E+07,1.20E+07,1.40E+07,1.10E+07,1.50E+07,1.30E+07,1.20E+07,1.40E+07,1.10E+07,1.50E+07,2,2,2,2,2
Plumbeous Vireo,Vireo plumbeus,4100000,3300000,5.00E+06,3.00E+06,5500000,3.00E+06,2400000,3600000,2200000,4.00E+06,3,3,3,3,2
Philadelphia Vireo,Vireo philadelphicus,3900000,3300000,4600000,3.00E+06,5.00E+06,3900000,3300000,4600000,3.00E+06,5.00E+06,3,3,3,3,2
Warbling Vireo,Vireo gilvus,5.40E+07,5.00E+07,5.80E+07,4.80E+07,6.10E+07,5.20E+07,4.80E+07,5.70E+07,4.60E+07,5.90E+07,1,2,1,2,1
Red-eyed Vireo,Vireo olivaceus,1.80E+08,1.70E+08,1.80E+08,1.60E+08,1.90E+08,1.30E+08,1.20E+08,1.40E+08,1.20E+08,1.40E+08,1,1,1,1,1
Black-whiskered Vireo,Vireo altiloquus,1300000,350000,2500000,33000,3400000,77000,21000,150000,2000,210000,3,4,3,5,3
Gray Jay,Perisoreus canadensis,2.70E+07,2.40E+07,2.90E+07,2.40E+07,3.00E+07,2.70E+07,2.40E+07,2.90E+07,2.40E+07,3.00E+07,2,2,2,2,2
Pinyon Jay,Gymnorhinus cyanocephalus,740000,590000,950000,530000,1100000,740000,580000,940000,530000,1100000,3,3,3,3,3
Steller's Jay,Cyanocitta stelleri,3400000,3.00E+06,3800000,2800000,4100000,2700000,2400000,3.00E+06,2200000,3200000,3,3,3,3,3
Blue Jay,Cyanocitta cristata,1.70E+07,1.60E+07,1.80E+07,1.60E+07,1.90E+07,1.70E+07,1.60E+07,1.80E+07,1.60E+07,1.90E+07,2,2,2,2,2
Mexican Jay,Aphelocoma wollweberi,730000,290000,1500000,180000,2100000,120000,50000,250000,32000,350000,3,4,3,4,3
Western Scrub-Jay,Aphelocoma californica,2700000,2.20E+04,3300000,2000000,3700000,2.00E+06,1600000,2.50E+06,1500000,2800000,3,3,3,3,3
Clark's Nutcracker,Nucifraga columbiana,290000,250000,340000,230000,360000,290000,250000,340000,230000,360000,4,4,4,4,4
Black-billed Magpie,Pica hudsonia,6.00E+06,5400000,6600000,5200000,7.00E+06,6.00E+06,5400000,6600000,5200000,7.00E+06,2,2,2,2,2
American Crow,Corvus brachyrhynchos,2.80E+07,2.70E+07,2.90E+07,2.60E+07,3.00E+07,2.80E+07,2.70E+07,2.90E+07,2.60E+07,3.00E+07,2,2,2,2,2
Northwestern Crow,Corvus caurinus,680000,510000,930000,420000,1100000,680000,510000,930000,420000,1100000,3,3,3,4,3
Fish Crow,Corvus ossifragus,470000,420000,510000,4.00E+05,540000,470000,420000,510000,4.00E+05,540000,4,4,3,4,3
Chihuahuan Raven,Corvus cryptoleucus,570000,450000,7.00E+05,4.00E+05,810000,270000,220000,340000,190000,390000,3,4,3,4,3
Common Raven,Corvus corax,3.00E+07,2.90E+07,3.20E+07,2.80E+07,3.30E+07,8200000,7800000,8700000,7600000,9.00E+06,2,2,2,2,2
Horned Lark,Eremophila alpestris,1.40E+08,1.30E+08,1.50E+08,1.30E+08,1.60E+08,1.00E+08,9.30E+07,1.10E+08,9.00E+07,1.10E+08,1,1,1,1,1
Purple Martin,Progne subis,9400000,8700000,1.00E+07,8400000,1.10E+07,8700000,8100000,9400000,7800000,9800000,2,2,2,2,2
Tree Swallow,Tachycineta bicolor,1.90E+07,1.70E+07,2.00E+07,1.70E+07,2.10E+07,1.90E+07,1.70E+07,2.00E+07,1.70E+07,2.10E+07,2,2,2,2,2
Violet-green Swallow,Tachycineta thalassina,8100000,7200000,9200000,6800000,9800000,6700000,5900000,7600000,5600000,8.00E+06,2,2,2,2,2
Northern Rough-winged Swallow,Stelgidopteryx serripennis,2.20E+07,1.90E+07,2.70E+07,1.70E+07,3.00E+07,1.90E+07,1.70E+07,2.40E+07,1.50E+07,2.70E+07,2,2,2,2,2
Bank Swallow,Riparia riparia,2.60E+07,2.20E+07,3.20E+07,2.10E+07,3.60E+07,7800000,6600000,9500000,6100000,1.10E+07,2,2,2,2,2
Cliff Swallow,Petrochelidon pyrrhonota,8.60E+07,7.80E+07,9.40E+07,7.40E+07,9.80E+07,7.80E+07,7.10E+07,8.50E+07,6.80E+07,8.90E+07,1,1,1,1,1
Cave Swallow,Petrochelidon fulva,9.00E+06,6700000,1.30E+07,5700000,1.50E+07,2600000,2.00E+06,3800000,1700000,4400000,2,2,2,2,2
Barn Swallow,Hirundo rustica,1.70E+08,1.60E+08,1.80E+08,1.60E+08,1.80E+08,4.70E+07,4.50E+07,4.90E+07,4.30E+07,5.00E+07,1,1,1,1,1
Carolina Chickadee,Poecile carolinensis,1.30E+07,1.30E+07,1.40E+07,1.20E+07,1.40E+07,1.30E+07,1.30E+07,1.40E+07,1.20E+07,1.40E+07,2,2,2,2,2
Black-capped Chickadee,Poecile atricapillus,4.30E+07,4.10E+07,4.50E+07,4.00E+07,4.60E+07,4.30E+07,4.10E+07,4.50E+07,4.00E+07,4.60E+07,2,2,2,2,2
Mountain Chickadee,Poecile gambeli,7800000,7.00E+06,8700000,6600000,9300000,7800000,7.00E+06,8700000,6600000,9300000,2,2,2,2,2
Chestnut-backed Chickadee,Poecile rufescens,1.20E+07,9700000,1.40E+07,8700000,1.60E+07,1.20E+07,9700000,1.40E+07,8700000,1.60E+07,2,2,2,2,2
Boreal Chickadee,Poecile hudsonicus,1.30E+07,1.10E+07,1.50E+07,1.00E+07,1.60E+07,1.30E+07,1.10E+07,1.50E+07,1.00E+07,1.60E+07,2,2,2,2,2
Bridled Titmouse,Baeolophus wollweberi,470000,250000,860000,170000,1100000,63000,34000,110000,23000,150000,4,4,3,4,3
Oak Titmouse,Baeolophus inornatus,760000,530000,1100000,460000,1300000,670000,470000,1.00E+06,410000,1200000,3,3,3,4,3
Juniper Titmouse,Baeolophus ridgwayi,290000,230000,360000,2.00E+05,4.00E+05,290000,230000,360000,2.00E+05,390000,4,4,4,4,4
Tufted Titmouse,Baeolophus bicolor,1.20E+07,1.10E+07,1.30E+07,1.10E+07,1.30E+07,1.20E+07,1.10E+07,1.30E+07,1.10E+07,1.30E+07,2,2,2,2,2
Black-crested Titmouse,Baeolophus atricristatus,1200000,890000,1600000,790000,1900000,610000,470000,850000,420000,1.00E+06,3,3,3,3,3
Verdin,Auriparus flaviceps,9.00E+06,7.00E+06,1.10E+07,6200000,1.30E+07,3800000,3.00E+06,4700000,2600000,5400000,2,2,2,2,2
Bushtit,Psaltriparus minimus,3200000,2700000,3800000,2500000,4100000,2300000,1900000,2700000,1800000,2900000,3,3,3,3,3
Red-breasted Nuthatch,Sitta canadensis,2.00E+07,1.80E+07,2.10E+07,1.80E+07,2.20E+07,2.00E+07,1.80E+07,2.10E+07,1.80E+07,2.20E+07,2,2,2,2,2
White-breasted Nuthatch,Sitta carolinensis,1.10E+07,1.10E+07,1.20E+07,1.00E+07,1.20E+07,1.00E+07,9500000,1.10E+07,9200000,1.10E+07,2,2,2,2,2
Pygmy Nuthatch,Sitta pygmaea,3800000,2900000,4900000,2500000,5400000,3.00E+06,2400000,3900000,2100000,4400000,3,3,3,3,2
Brown-headed Nuthatch,Sitta pusilla,1600000,1400000,1700000,1400000,1800000,1600000,1400000,1700000,1400000,1800000,3,3,3,3,3
Brown Creeper,Certhia americana,1.00E+07,9100000,1.20E+07,8600000,1.30E+07,9400000,8300000,1.10E+07,7800000,1.20E+07,2,2,2,2,2
Rock Wren,Salpinctes obsoletus,4500000,4.00E+06,5200000,3700000,5600000,3300000,3.00E+06,3800000,2700000,4100000,3,3,2,3,2
Canyon Wren,Catherpes mexicanus,620000,520000,730000,480000,820000,420000,350000,5.00E+05,330000,550000,3,3,3,4,3
House Wren,Troglodytes aedon,1.60E+08,1.50E+08,1.70E+08,1.50E+08,1.80E+08,4.30E+07,4.10E+07,4.60E+07,4.00E+07,4.70E+07,1,1,1,1,1
Pacific Wren,Troglodytes pacificus,7400000,6.00E+06,9100000,5400000,1.00E+07,7400000,6.00E+06,9100000,5400000,1.00E+07,2,2,2,2,2
Winter Wren,Troglodytes hiemalis,1.10E+07,9600000,1.30E+07,9100000,1.40E+07,1.10E+07,9600000,1.30E+07,9100000,1.40E+07,2,2,2,2,2
Sedge Wren,Cistothorus platensis,1.70E+07,1.60E+07,1.90E+07,1.50E+07,2.10E+07,5.00E+06,4500000,5600000,4300000,6.00E+06,2,2,2,2,2
Marsh Wren,Cistothorus palustris,1.10E+07,8800000,1.30E+07,8100000,1.50E+07,1.10E+07,8700000,1.30E+07,8.00E+06,1.40E+07,2,2,2,2,2
Carolina Wren,Thryothorus ludovicianus,2.00E+07,1.90E+07,2.10E+07,1.80E+07,2.20E+07,1.80E+07,1.70E+07,1.90E+07,1.60E+07,2.00E+07,2,2,2,2,2
Bewick's Wren,Thryomanes bewickii,6400000,5400000,7400000,5100000,8.00E+06,4500000,3900000,5300000,3600000,5700000,2,2,2,2,2
Cactus Wren,Campylorhynchus brunneicapillus,7.00E+06,5800000,8600000,5300000,9400000,3.00E+06,2500000,3700000,2300000,4.00E+06,2,2,2,2,2
Blue-gray Gnatcatcher,Polioptila caerulea ,3.10E+08,2.80E+08,3.40E+08,2.70E+08,3.60E+08,2.30E+08,2.10E+08,2.50E+08,2.00E+08,2.70E+08,1,1,1,1,1
Black-tailed Gnatcatcher,Polioptila melanura,2.10E+07,1.60E+07,2.90E+07,1.40E+07,3.30E+07,6400000,4700000,8600000,4100000,1.00E+07,2,2,2,2,2
American Dipper,Cinclus mexicanus,160000,130000,190000,120000,210000,150000,120000,180000,110000,2.00E+05,4,4,4,4,4
Golden-crowned Kinglet,Regulus satrapa,1.30E+08,1.10E+08,1.60E+08,1.00E+08,1.70E+08,1.30E+08,1.10E+08,1.50E+08,1.00E+08,1.70E+08,1,1,1,1,1
Ruby-crowned Kinglet,Regulus calendula,1.00E+08,9.30E+07,1.10E+08,9.00E+07,1.10E+08,1.00E+08,9.30E+07,1.10E+08,9.00E+07,1.10E+08,1,1,1,1,1
Arctic Warbler,Phylloscopus borealis,7.70E+07,4.10E+07,1.30E+08,2.70E+07,1.60E+08,7700000,4100000,1.30E+07,2700000,1.60E+07,1,2,1,2,1
Wrentit,Chamaea fasciata,1800000,1300000,2500000,1200000,3.00E+06,1700000,1300000,2400000,1100000,2800000,3,3,3,3,3
Northern Wheatear,Oenanthe oenanthe,2600000,2100000,3200000,2.00E+06,3800000,260000,210000,320000,2.00E+05,380000,3,3,3,3,3
Eastern Bluebird,Sialia sialis,2.50E+07,2.40E+07,2.60E+07,2.30E+07,2.60E+07,2.10E+07,2.10E+07,2.20E+07,2.00E+07,2.30E+07,2,2,2,2,2
Western Bluebird,Sialia mexicana,8300000,7100000,9700000,6500000,1.00E+07,5600000,4800000,6500000,4400000,7.00E+06,2,2,2,2,2
Mountain Bluebird,Sialia currucoides,5500000,4900000,6300000,4600000,6700000,5500000,4900000,6300000,4600000,6700000,2,3,2,3,2
Townsend's Solitaire,Myadestes townsendi,1100000,950000,1300000,880000,1400000,1.00E+06,910000,1200000,840000,1300000,3,3,3,3,3
Veery,Catharus fuscescens,1.10E+07,1.00E+07,1.30E+07,9500000,1.30E+07,1.10E+07,1.00E+07,1.30E+07,9500000,1.30E+07,2,2,2,2,2
Gray-cheeked Thrush,Catharus minimus,4.60E+07,3.50E+07,5.90E+07,3.10E+07,6.70E+07,4.10E+07,3.10E+07,5.30E+07,2.80E+07,6.00E+07,2,2,1,2,1
Swainson's Thrush,Catharus ustulatus,1.20E+08,1.10E+08,1.30E+08,1.00E+08,1.40E+08,1.20E+08,1.10E+08,1.30E+08,1.00E+08,1.40E+08,1,1,1,1,1
Hermit Thrush,Catharus guttatus,7.10E+07,5.90E+07,8.50E+07,5.40E+07,9.60E+07,7.10E+07,5.90E+07,8.50E+07,5.40E+07,9.60E+07,1,1,1,1,1
Wood Thrush,Hylocichla mustelina,1.20E+07,1.10E+07,1.30E+07,1.10E+07,1.40E+07,1.20E+07,1.10E+07,1.30E+07,1.10E+07,1.40E+07,2,2,2,2,2
American Robin,Turdus migratorius,3.80E+08,3.60E+08,4.00E+08,3.50E+08,4.00E+08,3.70E+08,3.50E+08,3.80E+08,3.40E+08,3.90E+08,1,1,1,1,1
Varied Thrush,Ixoreus naevius,3.40E+07,2.80E+07,4.10E+07,2.60E+07,4.40E+07,3.40E+07,2.80E+07,4.10E+07,2.60E+07,4.40E+07,2,2,2,2,2
Gray Catbird,Dumetella carolinensis,2.90E+07,2.70E+07,3.00E+07,2.70E+07,3.10E+07,2.90E+07,2.70E+07,3.00E+07,2.70E+07,3.10E+07,2,2,2,2,2
Curve-billed Thrasher,Toxostoma curvirostre,2800000,2200000,3600000,2.00E+06,4100000,990000,810000,1300000,730000,1500000,3,3,3,3,3
Brown Thrasher,Toxostoma rufum,6200000,5800000,6500000,5600000,6800000,6200000,5800000,6500000,5600000,6800000,2,2,2,2,2
Long-billed Thrasher,Toxostoma longirostre,290000,210000,4.00E+05,170000,480000,93000,67000,130000,54000,150000,4,4,4,4,4
Bendire's Thrasher,Toxostoma bendirei,67000,45000,96000,38000,110000,54000,37000,78000,31000,93000,4,5,4,5,4
California Thrasher,Toxostoma redivivum,170000,120000,270000,91000,320000,150000,1.00E+05,230000,78000,270000,4,4,4,4,4
Le Conte's Thrasher,Toxostoma lecontei,53000,29000,92000,20000,120000,42000,23000,73000,16000,92000,4,5,4,5,4
Crissal Thrasher,Toxostoma crissale,2.00E+05,150000,270000,120000,310000,81000,58000,110000,48000,120000,4,4,4,4,4
Sage Thrasher,Oreoscoptes montanus,6300000,5200000,7700000,4700000,8500000,6300000,5200000,7700000,4700000,8500000,2,2,2,3,2
Northern Mockingbird,Mimus polyglottos,4.10E+07,3.80E+07,4.30E+07,3.70E+07,4.50E+07,3.40E+07,3.20E+07,3.60E+07,3.10E+07,3.70E+07,2,2,2,2,2
European Starling,Sturnus vulgaris,2.40E+08,2.30E+08,2.60E+08,2.20E+08,2.60E+08,9.30E+07,8.80E+07,9.90E+07,8.60E+07,1.00E+08,1,1,1,1,1
Bohemian Waxwing,Bombycilla garrulus,5.00E+06,3900000,6200000,3300000,7.00E+06,2500000,1900000,3100000,1600000,3500000,3,3,2,3,2
Cedar Waxwing,Bombycilla cedrorum,6.40E+07,6.00E+07,6.80E+07,5.80E+07,7.00E+07,6.40E+07,6.00E+07,6.80E+07,5.80E+07,7.00E+07,1,1,1,1,1
Phainopepla,Phainopepla nitens,3400000,2700000,4300000,2500000,4800000,1300000,1.00E+06,1600000,910000,1800000,3,3,3,3,3
House Sparrow,Passer domesticus,6.10E+08,5.80E+08,6.60E+08,5.60E+08,6.90E+08,9.30E+07,8.70E+07,1.00E+08,8.40E+07,1.00E+08,1,1,1,1,1
American Pipit,Anthus rubescens,2.00E+07,2.00E+07,2.00E+07,2.00E+07,2.00E+07,1.80E+07,1.80E+07,1.80E+07,1.80E+07,1.80E+07,2,2,2,2,2
Sprague's Pipit,Anthus spragueii,1400000,1100000,1800000,940000,2.00E+06,1400000,1100000,1800000,940000,2.00E+06,3,3,3,3,3
Evening Grosbeak,Coccothraustes vespertinus,3900000,3400000,4700000,3100000,5.00E+06,3700000,3200000,4400000,3.00E+06,4800000,3,3,3,3,2
Pine Grosbeak,Pinicola enucleator,1.10E+07,8900000,1.30E+07,8100000,1.50E+07,5500000,4400000,6700000,4.00E+06,7300000,2,2,2,2,2
House Finch,Haemorhous mexicanus,4.20E+07,3.90E+07,4.50E+07,3.70E+07,4.80E+07,3.30E+07,3.10E+07,3.60E+07,3.00E+07,3.80E+07,2,2,2,2,2
Purple Finch,Haemorhous purpureus,6500000,6.00E+06,7100000,5700000,7400000,6500000,6.00E+06,7100000,5700000,7400000,2,2,2,2,2
Cassin's Finch,Haemorhous cassinii,3200000,2700000,3700000,2500000,4.00E+06,3200000,2700000,3700000,2500000,4.00E+06,3,3,3,3,3
Common Redpoll,Acanthis flammea,1.30E+08,1.10E+08,1.50E+08,1.00E+08,1.70E+08,3.90E+07,3.30E+07,4.50E+07,3.00E+07,5.00E+07,1,1,1,1,1
Hoary Redpoll,Acanthis hornemanni,2.60E+07,2.50E+07,2.60E+07,2.50E+07,2.70E+07,1.30E+07,1.30E+07,1.30E+07,1.20E+07,1.30E+07,2,2,2,2,2
Red Crossbill,Loxia curvirostra,2.60E+07,2.30E+07,3.00E+07,2.10E+07,3.10E+07,9500000,8400000,1.10E+07,7900000,1.20E+07,2,2,2,2,2
White-winged Crossbill,Loxia leucoptera,7.90E+07,6.50E+07,9.40E+07,6.00E+07,1.00E+08,3.90E+07,3.20E+07,4.70E+07,3.00E+07,5.10E+07,1,1,1,1,1
Pine Siskin,Spinus pinus,4.70E+07,4.30E+07,5.30E+07,4.00E+07,5.60E+07,4.50E+07,4.00E+07,5.00E+07,3.80E+07,5.20E+07,2,2,1,2,1
Lesser Goldfinch,Spinus psaltria,1.10E+07,9.00E+06,1.20E+07,8500000,1.30E+07,5700000,4800000,6600000,4500000,7100000,2,2,2,2,2
Lawrence's Goldfinch,Spinus lawrencei,4.00E+05,290000,570000,230000,690000,340000,240000,480000,190000,570000,4,4,3,4,3
American Goldfinch,Spinus tristis,4.40E+07,4.20E+07,4.60E+07,4.20E+07,4.70E+07,4.40E+07,4.20E+07,4.60E+07,4.20E+07,4.70E+07,2,2,2,2,2
Lapland Longspur,Calcarius lapponicus,1.30E+08,1.20E+08,1.50E+08,1.20E+08,1.60E+08,6.70E+07,6.20E+07,7.50E+07,6.00E+07,8.10E+07,1,1,1,1,1
Chestnut-collared Longspur,Calcarius ornatus,3100000,2400000,3900000,2100000,4300000,3100000,2400000,3900000,2100000,4300000,3,3,3,3,3
McCown's Longspur,Rhynchophanes mccownii,820000,590000,1100000,490000,1300000,820000,590000,1100000,490000,1300000,3,3,3,4,3
Green-tailed Towhee,Pipilo chlorurus,4800000,4.00E+06,5600000,3700000,6200000,4700000,4.00E+06,5600000,3700000,6100000,3,3,2,3,2
Spotted Towhee,Pipilo maculatus,3.90E+07,3.60E+07,4.20E+07,3.40E+07,4.40E+07,3.50E+07,3.20E+07,3.80E+07,3.10E+07,4.00E+07,2,2,2,2,2
Eastern Towhee,Pipilo erythrophthalmus,2.90E+07,2.80E+07,3.10E+07,2.70E+07,3.20E+07,2.90E+07,2.80E+07,3.10E+07,2.70E+07,3.20E+07,2,2,2,2,2
Canyon Towhee,Melozone fusca,6800000,5600000,8100000,5100000,8800000,2800000,2300000,3300000,2100000,3600000,2,2,2,2,2
California Towhee,Melozone crissalis,8400000,6900000,1.10E+07,6100000,1.20E+07,5100000,4200000,6500000,3800000,7200000,2,2,2,2,2
Abert's Towhee,Melozone aberti,890000,570000,1300000,440000,1500000,860000,560000,1300000,430000,1500000,3,3,3,4,3
Cassin's Sparrow,Peucaea cassinii,1.40E+07,1.20E+07,1.70E+07,1.10E+07,1.80E+07,9500000,8100000,1.10E+07,7500000,1.20E+07,2,2,2,2,2
Bachman's Sparrow,Peucaea aestivalis,160000,120000,220000,1.00E+05,260000,160000,120000,220000,1.00E+05,260000,4,4,4,4,4
American Tree Sparrow,Spizelloides arborea,2.60E+07,2.10E+07,3.20E+07,2.00E+07,3.60E+07,2.60E+07,2.10E+07,3.20E+07,2.00E+07,3.60E+07,2,2,2,2,2
Chipping Sparrow,Spizella passerina,2.50E+08,2.40E+08,2.60E+08,2.30E+08,2.70E+08,2.30E+08,2.20E+08,2.40E+08,2.10E+08,2.50E+08,1,1,1,1,1
Clay-colored Sparrow,Spizella pallida,6.00E+07,5.40E+07,6.60E+07,5.10E+07,7.00E+07,6.00E+07,5.40E+07,6.60E+07,5.10E+07,7.00E+07,1,1,1,1,1
Brewer's Sparrow,Spizella breweri,1.70E+07,1.40E+07,2.00E+07,1.30E+07,2.10E+07,1.70E+07,1.40E+07,2.00E+07,1.30E+07,2.10E+07,2,2,2,2,2
Field Sparrow,Spizella pusilla,9300000,8700000,1.00E+07,8300000,1.00E+07,9300000,8700000,1.00E+07,8300000,1.00E+07,2,2,2,2,2
Black-chinned Sparrow,Spizella atrogularis,590000,390000,870000,320000,1100000,280000,190000,410000,150000,520000,3,4,3,4,3
Vesper Sparrow,Pooecetes gramineus,3.50E+07,3.20E+07,3.80E+07,3.00E+07,4.10E+07,3.50E+07,3.20E+07,3.80E+07,3.00E+07,4.10E+07,2,2,2,2,2
Lark Sparrow,Chondestes grammacus,1.20E+07,1.00E+07,1.30E+07,9900000,1.30E+07,1.10E+07,9500000,1.20E+07,9100000,1.20E+07,2,2,2,2,2
Black-throated Sparrow,Amphispiza bilineata,5.40E+07,4.80E+07,6.10E+07,4.60E+07,6.50E+07,3.10E+07,2.70E+07,3.50E+07,2.60E+07,3.70E+07,1,2,1,2,1
Sagebrush Sparrow,Artemisiospiza nevadensis,5200000,3900000,7100000,3500000,8200000,5200000,3900000,7100000,3500000,8200000,2,3,2,3,2
Bell's Sparrow,Artemisiospiza belli,310000,180000,480000,130000,580000,210000,120000,320000,90000,390000,4,4,4,4,3
Lark Bunting,Calamospiza melanocorys,1.20E+07,1.00E+07,1.40E+07,9200000,1.50E+07,1.20E+07,1.00E+07,1.40E+07,9200000,1.50E+07,2,2,2,2,2
Savannah Sparrow,Passerculus sandwichensis,1.70E+08,1.60E+08,1.90E+08,1.50E+08,2.00E+08,1.70E+08,1.50E+08,1.90E+08,1.40E+08,2.00E+08,1,1,1,1,1
Grasshopper Sparrow,Ammodramus savannarum,3.40E+07,3.20E+07,3.70E+07,3.10E+07,3.90E+07,3.30E+07,3.10E+07,3.60E+07,3.00E+07,3.80E+07,2,2,2,2,2
Baird's Sparrow,Ammodramus bairdii,3400000,2700000,4200000,2300000,4800000,3400000,2700000,4200000,2300000,4800000,3,3,3,3,3
Henslow's Sparrow,Ammodramus henslowii,4.00E+05,330000,5.00E+05,290000,550000,4.00E+05,330000,5.00E+05,290000,550000,4,4,4,4,3
Le Conte's Sparrow,Ammodramus leconteii,5100000,4500000,5900000,4100000,6300000,5100000,4500000,5900000,4100000,6300000,2,3,2,3,2
Nelson's Sparrow,Ammodramus nelsoni,1.00E+06,910000,1100000,860000,1200000,1.00E+06,910000,1100000,860000,1200000,3,3,3,3,3
Seaside Sparrow,Ammodramus maritimus,180000,48000,4.00E+05,32000,520000,180000,48000,4.00E+05,32000,520000,4,5,4,5,3
Fox Sparrow,Passerella iliaca,3.40E+07,2.90E+07,4.00E+07,2.70E+07,4.40E+07,3.40E+07,2.90E+07,4.00E+07,2.70E+07,4.40E+07,2,2,2,2,2
Song Sparrow,Melospiza melodia,1.30E+08,1.20E+08,1.30E+08,1.20E+08,1.40E+08,1.30E+08,1.20E+08,1.30E+08,1.20E+08,1.30E+08,1,1,1,1,1
Lincoln's Sparrow,Melospiza lincolnii,8.80E+07,8.10E+07,9.50E+07,7.80E+07,9.90E+07,8.80E+07,8.10E+07,9.50E+07,7.80E+07,9.90E+07,1,1,1,1,1
Swamp Sparrow,Melospiza georgiana,2.30E+07,2.10E+07,2.50E+07,2.00E+07,2.60E+07,2.30E+07,2.10E+07,2.50E+07,2.00E+07,2.60E+07,2,2,2,2,2
White-throated Sparrow,Zonotrichia albicollis,1.60E+08,1.50E+08,1.80E+08,1.40E+08,1.90E+08,1.60E+08,1.50E+08,1.80E+08,1.40E+08,1.90E+08,1,1,1,1,1
White-crowned Sparrow,Zonotrichia leucophrys,7.90E+07,6.80E+07,9.10E+07,6.40E+07,9.70E+07,7.90E+07,6.80E+07,9.10E+07,6.40E+07,9.70E+07,1,1,1,1,1
Golden-crowned Sparrow,Zonotrichia atricapilla,7200000,5.00E+06,1.00E+07,4200000,1.30E+07,7200000,5.00E+06,1.00E+07,4200000,1.30E+07,2,3,2,3,2
Dark-eyed Junco,Junco hyemalis,2.20E+08,2.10E+08,2.40E+08,2.00E+08,2.50E+08,2.20E+08,2.00E+08,2.40E+08,2.00E+08,2.50E+08,1,1,1,1,1
Yellow-breasted Chat,Icteria virens,1.70E+07,1.50E+07,1.80E+07,1.50E+07,1.90E+07,1.50E+07,1.40E+07,1.60E+07,1.30E+07,1.70E+07,2,2,2,2,2
Yellow-headed Blackbird,Xanthocephalus xanthocephalus,1.10E+07,9400000,1.40E+07,8600000,1.50E+07,1.10E+07,9400000,1.40E+07,8600000,1.50E+07,2,2,2,2,2
Bobolink,Dolichonyx oryzivorus,1.00E+07,9200000,1.10E+07,8800000,1.20E+07,1.00E+07,9200000,1.10E+07,8800000,1.20E+07,2,2,2,2,2
Eastern Meadowlark,Sturnella magna,3.80E+07,3.50E+07,4.00E+07,3.40E+07,4.20E+07,2.40E+07,2.30E+07,2.60E+07,2.20E+07,2.70E+07,2,2,2,2,2
Western Meadowlark,Sturnella neglecta,1.00E+08,9.50E+07,1.10E+08,9.00E+07,1.20E+08,9.50E+07,8.80E+07,1.00E+08,8.30E+07,1.10E+08,1,1,1,1,1
Orchard Oriole,Icterus spurius,1.20E+07,1.20E+07,1.30E+07,1.10E+07,1.30E+07,1.10E+07,1.00E+07,1.20E+07,9900000,1.20E+07,2,2,2,2,2
Hooded Oriole,Icterus cucullatus,680000,540000,850000,460000,960000,350000,270000,440000,240000,490000,3,3,3,4,3
Bullock's Oriole,Icterus bullockii,7900000,7200000,8500000,6900000,8900000,6900000,6400000,7500000,6100000,7800000,2,2,2,2,2
Baltimore Oriole,Icterus galbula,1.20E+07,1.10E+07,1.30E+07,1.10E+07,1.30E+07,1.20E+07,1.10E+07,1.30E+07,1.10E+07,1.30E+07,2,2,2,2,2
Scott's Oriole,Icterus parisorum,4200000,3500000,4800000,3200000,5200000,1700000,1500000,2.00E+06,1300000,2100000,3,3,3,3,2
Red-winged Blackbird,Agelaius phoeniceus,1.90E+08,1.70E+08,2.00E+08,1.70E+08,2.10E+08,1.70E+08,1.60E+08,1.90E+08,1.60E+08,2.00E+08,1,1,1,1,1
Bronzed Cowbird,Molothrus aeneus,7700000,5400000,1.10E+07,4300000,1.30E+07,790000,550000,1100000,440000,1300000,2,2,2,3,2
Brown-headed Cowbird,Molothrus ater,1.40E+08,1.30E+08,1.50E+08,1.30E+08,1.50E+08,1.30E+08,1.20E+08,1.30E+08,1.20E+08,1.40E+08,1,1,1,1,1
Rusty Blackbird,Euphagus carolinus,6700000,5500000,8400000,4900000,9400000,6700000,5500000,8400000,4900000,9400000,2,2,2,3,2
Brewer's Blackbird,Euphagus cyanocephalus,2.30E+07,2.10E+07,2.60E+07,2.00E+07,2.70E+07,2.30E+07,2.10E+07,2.60E+07,2.00E+07,2.70E+07,2,2,2,2,2
Common Grackle,Quiscalus quiscula,6.70E+07,6.30E+07,7.10E+07,6.10E+07,7.40E+07,6.70E+07,6.30E+07,7.10E+07,6.10E+07,7.40E+07,1,1,1,1,1
Boat-tailed Grackle,Quiscalus major,2100000,1500000,2900000,1300000,3500000,2100000,1500000,2900000,1300000,3500000,3,3,3,3,3
Great-tailed Grackle,Quiscalus mexicanus,1.50E+07,1.20E+07,1.90E+07,1.00E+07,2.20E+07,8100000,6300000,1.00E+07,5500000,1.20E+07,2,2,2,2,2
Ovenbird,Seiurus aurocapilla,2.60E+07,2.40E+07,2.90E+07,2.30E+07,3.00E+07,2.60E+07,2.40E+07,2.90E+07,2.30E+07,3.00E+07,2,2,2,2,2
Worm-eating Warbler,Helmitheros vermivorum,780000,670000,9.00E+05,610000,990000,780000,670000,9.00E+05,610000,990000,3,3,3,3,3
Louisiana Waterthrush,Parkesia motacilla,450000,4.00E+05,5.00E+05,380000,530000,450000,4.00E+05,5.00E+05,380000,530000,4,4,4,4,3
Northern Waterthrush,Parkesia noveboracensis,1.70E+07,1.50E+07,1.90E+07,1.40E+07,2.10E+07,1.70E+07,1.50E+07,1.90E+07,1.40E+07,2.10E+07,2,2,2,2,2
Golden-winged Warbler,Vermivora chrysoptera,390000,310000,480000,270000,540000,390000,310000,480000,270000,540000,4,4,4,4,3
Blue-winged Warbler,Vermivora cyanoptera,680000,610000,760000,580000,8.00E+05,680000,610000,760000,580000,8.00E+05,3,3,3,3,3
Black-and-white Warbler,Mniotilta varia,1.80E+07,1.70E+07,1.90E+07,1.60E+07,2.00E+07,1.80E+07,1.70E+07,1.90E+07,1.60E+07,2.00E+07,2,2,2,2,2
Prothonotary Warbler,Protonotaria citrea,2100000,1800000,2400000,1600000,2600000,2100000,1800000,2400000,1600000,2600000,3,3,3,3,3
Swainson's Warbler,Limnothlypis swainsonii,150000,110000,2.00E+05,1.00E+05,230000,150000,110000,2.00E+05,1.00E+05,230000,4,4,4,4,4
Tennessee Warbler,Oreothlypis peregrina,1.10E+08,9.00E+07,1.30E+08,8.10E+07,1.50E+08,1.10E+08,9.00E+07,1.30E+08,8.10E+07,1.50E+08,1,1,1,1,1
Orange-crowned Warbler,Oreothlypis celata,8.20E+07,7.40E+07,9.10E+07,7.00E+07,9.60E+07,8.20E+07,7.30E+07,9.10E+07,6.90E+07,9.60E+07,1,1,1,1,1
Lucy's Warbler,Oreothlypis luciae,3400000,2400000,4800000,2.00E+06,5600000,2700000,1900000,3900000,1600000,4500000,3,3,3,3,2
Nashville Warbler,Oreothlypis ruficapilla,4.00E+07,3.60E+07,4.40E+07,3.40E+07,4.60E+07,4.00E+07,3.60E+07,4.40E+07,3.40E+07,4.60E+07,2,2,2,2,2
Virginia's Warbler,Oreothlypis virginiae,880000,660000,1200000,570000,1400000,880000,660000,1200000,570000,1400000,3,3,3,3,3
Connecticut Warbler,Oporornis agilis,1700000,1100000,2400000,970000,2700000,1700000,1100000,2400000,970000,2700000,3,3,3,3,3
MacGillivray's Warbler,Geothlypis tolmiei,1.10E+07,9900000,1.30E+07,9200000,1.40E+07,1.10E+07,9800000,1.30E+07,9100000,1.40E+07,2,2,2,2,2
Mourning Warbler,Geothlypis philadelphia,1.40E+07,1.20E+07,1.60E+07,1.10E+07,1.70E+07,1.40E+07,1.20E+07,1.60E+07,1.10E+07,1.70E+07,2,2,2,2,2
Kentucky Warbler,Geothlypis formosa,2600000,2400000,2800000,2300000,2900000,2600000,2400000,2800000,2300000,2900000,3,3,3,3,3
Common Yellowthroat,Geothlypis trichas,8.00E+07,7.60E+07,8.30E+07,7.50E+07,8.50E+07,7.60E+07,7.20E+07,7.90E+07,7.10E+07,8.00E+07,1,1,1,1,1
Hooded Warbler,Setophaga citrina,5200000,4800000,5700000,4500000,5900000,5200000,4800000,5700000,4500000,5900000,2,3,2,3,2
American Redstart,Setophaga ruticilla,4.20E+07,3.90E+07,4.60E+07,3.70E+07,4.80E+07,4.20E+07,3.90E+07,4.60E+07,3.70E+07,4.80E+07,2,2,2,2,2
Cape May Warbler,Setophaga tigrina,6900000,5600000,8700000,4900000,9900000,6900000,5600000,8700000,4900000,9900000,2,2,2,3,2
Cerulean Warbler,Setophaga cerulea,530000,410000,650000,360000,710000,530000,410000,650000,360000,710000,3,4,3,4,3
Northern Parula,Setophaga americana,1.80E+07,1.70E+07,1.90E+07,1.70E+07,2.00E+07,1.80E+07,1.70E+07,1.90E+07,1.70E+07,2.00E+07,2,2,2,2,2
Magnolia Warbler,Setophaga magnolia,3.90E+07,3.50E+07,4.20E+07,3.40E+07,4.40E+07,3.90E+07,3.50E+07,4.20E+07,3.40E+07,4.40E+07,2,2,2,2,2
Bay-breasted Warbler,Setophaga castanea,9700000,7800000,1.20E+07,6900000,1.40E+07,9700000,7800000,1.20E+07,6900000,1.40E+07,2,2,2,2,2
Blackburnian Warbler,Setophaga fusca,1.30E+07,1.20E+07,1.50E+07,1.10E+07,1.60E+07,1.30E+07,1.20E+07,1.50E+07,1.10E+07,1.60E+07,2,2,2,2,2
Yellow Warbler,Setophaga petechia,9.90E+07,9.20E+07,1.10E+08,8.90E+07,1.10E+08,9.30E+07,8.60E+07,9.90E+07,8.30E+07,1.00E+08,1,1,1,1,1
Chestnut-sided Warbler,Setophaga pensylvanica,1.80E+07,1.70E+07,2.00E+07,1.60E+07,2.10E+07,1.80E+07,1.70E+07,2.00E+07,1.60E+07,2.10E+07,2,2,2,2,2
Blackpoll Warbler,Setophaga striata,6.00E+07,4.90E+07,7.00E+07,4.50E+07,7.60E+07,6.00E+07,4.90E+07,7.00E+07,4.50E+07,7.60E+07,1,2,1,2,1
Black-throated Blue Warbler,Setophaga caerulescens,2400000,2200000,2700000,2100000,2800000,2400000,2200000,2700000,2100000,2800000,3,3,3,3,3
Palm Warbler,Setophaga palmarum,1.30E+07,1.10E+07,1.60E+07,9900000,1.70E+07,1.30E+07,1.10E+07,1.60E+07,9900000,1.70E+07,2,2,2,2,2
Pine Warbler,Setophaga pinus,1.40E+07,1.30E+07,1.40E+07,1.20E+07,1.50E+07,1.30E+07,1.20E+07,1.40E+07,1.20E+07,1.40E+07,2,2,2,2,2
Yellow-rumped Warbler,Setophaga coronata,1.70E+08,1.60E+08,1.80E+08,1.60E+08,1.90E+08,1.70E+08,1.60E+08,1.80E+08,1.60E+08,1.90E+08,1,1,1,1,1
Yellow-throated Warbler,Setophaga dominica,2.00E+06,1800000,2200000,1700000,2400000,2.00E+06,1800000,2200000,1700000,2400000,3,3,3,3,3
Prairie Warbler,Setophaga discolor,3500000,3300000,3900000,3200000,4.00E+06,3500000,3300000,3900000,3200000,4.00E+06,3,3,3,3,3
Grace's Warbler,Setophaga graciae,2800000,2.00E+06,3800000,1700000,4400000,1500000,1100000,2.00E+06,890000,2300000,3,3,3,3,3
Black-throated Gray Warbler,Setophaga nigrescens,3100000,2800000,3600000,2600000,3800000,3100000,2800000,3500000,2600000,3700000,3,3,3,3,3
Townsend's Warbler,Setophaga townsendi,2.10E+07,1.80E+07,2.40E+07,1.70E+07,2.60E+07,2.10E+07,1.80E+07,2.40E+07,1.70E+07,2.60E+07,2,2,2,2,2
Hermit Warbler,Setophaga occidentalis,2500000,2.00E+06,3100000,1800000,3400000,2500000,2.00E+06,3100000,1800000,3400000,3,3,3,3,3
Black-throated Green Warbler,Setophaga virens,9100000,8300000,1.00E+07,7900000,1.10E+07,9100000,8300000,1.00E+07,7900000,1.10E+07,2,2,2,2,2
Canada Warbler,Cardellina canadensis,2600000,2200000,3.00E+06,2.00E+06,3200000,2600000,2200000,3.00E+06,2.00E+06,3200000,3,3,3,3,3
Wilson's Warbler,Cardellina pusilla,8.10E+07,7.10E+07,9.20E+07,6.60E+07,9.80E+07,8.10E+07,7.10E+07,9.20E+07,6.60E+07,9.80E+07,1,1,1,1,1
Red-faced Warbler,Cardellina rubrifrons,660000,340000,1100000,2.00E+05,1400000,240000,120000,410000,72000,5.00E+05,3,4,3,4,3
Summer Tanager,Piranga rubra,1.40E+07,1.30E+07,1.40E+07,1.20E+07,1.50E+07,1.10E+07,1.10E+07,1.20E+07,1.00E+07,1.20E+07,2,2,2,2,2
Scarlet Tanager,Piranga olivacea,2600000,2300000,2800000,2300000,3.00E+06,2600000,2300000,2800000,2300000,3.00E+06,3,3,3,3,3
Western Tanager,Piranga ludoviciana,1.50E+07,1.40E+07,1.70E+07,1.30E+07,1.70E+07,1.50E+07,1.40E+07,1.60E+07,1.30E+07,1.70E+07,2,2,2,2,2
Northern Cardinal,Cardinalis cardinalis,1.50E+08,1.40E+08,1.60E+08,1.40E+08,1.70E+08,1.20E+08,1.10E+08,1.30E+08,1.10E+08,1.30E+08,1,1,1,1,1
Pyrrhuloxia,Cardinalis sinuatus,4200000,3300000,5200000,2900000,6.00E+06,1600000,1200000,1900000,1100000,2200000,3,3,2,3,2
Rose-breasted Grosbeak,Pheucticus ludovicianus,4700000,4200000,5200000,4100000,5500000,4700000,4200000,5200000,4100000,5500000,3,3,2,3,2
Black-headed Grosbeak,Pheucticus melanocephalus,1.50E+07,1.40E+07,1.70E+07,1.30E+07,1.70E+07,1.20E+07,1.10E+07,1.30E+07,1.10E+07,1.40E+07,2,2,2,2,2
Blue Grosbeak,Passerina caerulea,2.80E+07,2.70E+07,3.00E+07,2.60E+07,3.10E+07,2.10E+07,2.00E+07,2.20E+07,1.90E+07,2.30E+07,2,2,2,2,2
Lazuli Bunting,Passerina amoena,6500000,5800000,7300000,5500000,7700000,6400000,5700000,7200000,5400000,7600000,2,2,2,2,2
Indigo Bunting,Passerina cyanea,7.80E+07,7.50E+07,8.10E+07,7.30E+07,8.20E+07,7.70E+07,7.50E+07,8.10E+07,7.30E+07,8.20E+07,1,1,1,1,1
Painted Bunting,Passerina ciris,1.60E+07,1.40E+07,1.80E+07,1.40E+07,1.90E+07,1.30E+07,1.10E+07,1.40E+07,1.10E+07,1.50E+07,2,2,2,2,2
Dickcissel,Spiza americana,2.80E+07,2.50E+07,3.10E+07,2.40E+07,3.20E+07,2.80E+07,2.50E+07,3.10E+07,2.40E+07,3.20E+07,2,2,2,2,2
